PLAYER ID,1
PLAYER GENDER,2
EXPERIMENT START,2022-28-10--14-52-28
-
TRIAL DATA
-
LATIN SQUARE ROW,2
TRIAL,1
Condition ID,1
LATERAL(POS X),0
LATERAL(POS Y),0
LATERAL(POS Z),0
LATERAL(ROT X),0
LATERAL(ROT Y),0
LATERAL(ROT Z),0
LATERAL(FORWARD X),0
LATERAL(FORWARD Y),0
LATERAL(FORWARD Z),1
MAIN(POS X),0
MAIN(POS Y),0
MAIN(POS Z),0
MAIN(ROT X),0
MAIN(ROT Y),0
MAIN(ROT Z),0
MAIN(FORWARD X),0
MAIN(FORWARD Y),0
MAIN(FORWARD Z),1
GROUP(POS X),-10
GROUP(POS Y),0
GROUP(POS Z),4.65
-
TRAJECTORY DATA
-
PLAYER Pos X,PLAYER Pos Y,PLAYER Pos Z,PLAYER Rot X,PLAYER Rot Y,PLAYER Rot Z,PLAYER Forward X,PLAYER Forward Y,PLAYER Forward Z
-10,0,5.5,0,1,0,0,0,-1
-8.950318,0,4.994741,0,-0.9900502,0,0.1803436,0.1034112,-0.9781526
-10,0,5.5,0,1,0,0,0,-1
-8.951405,0,4.996016,0,-0.9900818,0,0.1817724,0.1038949,-0.9778368
-10,0,5.5,0,1,0,0,0,-1
-8.952026,0,4.997689,0,-0.990093,0,0.183184,0.1040577,-0.977556
-10,0,5.5,0,1,0,0,0,-1
-8.951931,0,4.999143,0,-0.990082,0,0.184056,0.1039496,-0.9774036
-10,0,5.5,0,1,0,0,0,-1
-8.951906,0,5.000336,0,-0.9900681,0,0.1855202,0.1045637,-0.9770612
-10,0,5.5,0,1,0,0,0,-1
-8.95183,0,5.000572,0,-0.9900609,0,0.1859857,0.1049004,-0.9769368
-10,0,5.5,0,1,0,0,0,-1
-8.951267,0,5.002293,0,-0.990024,0,0.1871553,0.1049636,-0.9767065
-10,0,5.5,0,1,0,0,0,-1
-8.951111,0,5.003441,0,-0.9900017,0,0.1881502,0.105211,-0.9764889
-10,0,5.5,0,1,0,0,0,-1
-8.951173,0,5.004543,0,-0.9899958,0,0.1891777,0.1053513,-0.9762751
-10,0,5.5,0,1,0,0,0,-1
-8.951406,0,5.005552,0,-0.9899943,0,0.1900853,0.1054558,-0.9760874
-10,0,5.5,0,1,0,0,0,-1
-8.951635,0,5.006448,0,-0.990011,0,0.1908051,0.1052713,-0.9759669
-10,0,5.5,0,1,0,0,0,-1
-8.952379,0,5.006306,0,-0.9900395,0,0.1911944,0.1054915,-0.975867
-10,0,5.5,0,1,0,0,0,-1
-8.952367,0,5.006459,0,-0.9900478,0,0.1916542,0.1056355,-0.9757613
-10,0,5.5,0,1,0,0,0,-1
-8.952822,0,5.006099,0,-0.9900613,0,0.1919661,0.1060277,-0.9756573
-10,0,5.5,0,1,0,0,0,-1
-8.953012,0,5.005116,0,-0.9900722,0,0.1916577,0.1063374,-0.9756842
-10,0,5.5,0,1,0,0,0,-1
-8.95362,0,5.004674,0,-0.9901055,0,0.1919184,0.1065316,-0.9756119
-10,0,5.5,0,1,0,0,0,-1
-8.954785,0,5.004704,0,-0.9901497,0,0.1924256,0.1065691,-0.9755077
-10,0,5.5,0,1,0,0,0,-1
-8.956334,0,5.004994,0,-0.9902127,0,0.1929645,0.1063074,-0.9754302
-10,0,5.5,0,1,0,0,0,-1
-8.957151,0,5.005231,0,-0.9902521,0,0.1933631,0.1061119,-0.9753723
-10,0,5.5,0,1,0,0,0,-1
-8.95751,0,5.005411,0,-0.9902821,0,0.1936395,0.1058859,-0.9753421
-10,0,5.5,0,1,0,0,0,-1
-8.957626,0,5.005479,0,-0.9903079,0,0.1937179,0.105616,-0.9753557
-10,0,5.5,0,1,0,0,0,-1
-8.956746,0,5.006114,0,-0.9902991,0,0.1939376,0.1052897,-0.9753472
-10,0,5.5,0,1,0,0,0,-1
-8.956094,0,5.006697,0,-0.9902928,0,0.1942842,0.105096,-0.9752992
-10,0,5.5,0,1,0,0,0,-1
-8.955322,0,5.007783,0,-0.9902734,0,0.1949509,0.1049294,-0.9751844
-10,0,5.5,0,1,0,0,0,-1
-8.954981,0,5.008917,0,-0.9902701,0,0.1956047,0.1046177,-0.9750867
-10,0,5.5,0,1,0,0,0,-1
-8.954777,0,5.010371,0,-0.9902617,0,0.1966957,0.1044714,-0.9748828
-10,0,5.5,0,1,0,0,0,-1
-8.954445,0,5.011541,0,-0.990243,0,0.1977951,0.1046111,-0.9746453
-10,0,5.5,0,1,0,0,0,-1
-8.95425,0,5.01293,0,-0.990227,0,0.1990174,0.1046469,-0.9743927
-10,0,5.5,0,1,0,0,0,-1
-8.954127,0,5.013697,0,-0.9902102,0,0.2001696,0.1050352,-0.9741148
-10,0,5.5,0,1,0,0,0,-1
-8.954033,0,5.013088,0,-0.9901946,0,0.2009726,0.1060365,-0.9738411
-10,0,5.5,0,1,0,0,0,-1
-8.954281,0,5.011569,0,-0.9901965,0,0.2013577,0.1072296,-0.973631
-10,0,5.5,0,1,0,0,0,-1
-8.954857,0,5.010994,0,-0.9902055,0,0.202208,0.108053,-0.9733636
-10,0,5.5,0,1,0,0,0,-1
-8.955141,0,5.012052,0,-0.9901802,0,0.2039281,0.1086713,-0.9729357
-10,0,5.5,0,1,0,0,0,-1
-8.955565,0,5.013907,0,-0.990169,0,0.2057606,0.1087373,-0.9725425
-10,0,5.5,0,1,0,0,0,-1
-8.95625,0,5.018002,0,-0.9901449,0,0.2086531,0.1081405,-0.9719926
-10,0,5.5,0,1,0,0,0,-1
-8.956355,0,5.023277,0,-0.9901083,0,0.2117687,0.1069576,-0.9714497
-10,0,5.5,0,1,0,0,0,-1
-8.956335,0,5.028452,0,-0.9900587,0,0.2148587,0.1058955,-0.9708872
-10,0,5.5,0,1,0,0,0,-1
-8.955292,0,5.034065,0,-0.9899627,0,0.2182334,0.1050544,-0.9702258
-10,0,5.5,0,1,0,0,0,-1
-8.953833,0,5.039967,0,-0.9898468,0,0.2216709,0.1041947,-0.9695387
-10,0,5.5,0,1,0,0,0,-1
-8.951579,0,5.046066,0,-0.9896869,0,0.2253253,0.1036789,-0.9687514
-10,0,5.5,0,1,0,0,0,-1
-8.949183,0,5.052356,0,-0.9894901,0,0.2294362,0.1035881,-0.9677957
-10,0,5.5,0,1,0,0,0,-1
-8.946363,0,5.059846,0,-0.9892483,0,0.2342318,0.1034625,-0.9666597
-10,0,5.5,0,1,0,0,0,-1
-8.943763,0,5.067738,0,-0.9889932,0,0.2393548,0.1032883,-0.9654227
-10,0,5.5,0,1,0,0,0,-1
-8.94171,0,5.076271,0,-0.9887331,0,0.2448118,0.1028683,-0.9640982
-10,0,5.5,0,1,0,0,0,-1
-8.939966,0,5.085169,0,-0.9884779,0,0.2504167,0.10218,-0.962731
-10,0,5.5,0,1,0,0,0,-1
-8.938073,0,5.094495,0,-0.9882181,0,0.2560271,0.1011215,-0.9613661
-10,0,5.5,0,1,0,0,0,-1
-8.935954,0,5.104384,0,-0.9879225,0,0.2619244,0.100078,-0.9598858
-10,0,5.5,0,1,0,0,0,-1
-8.933679,0,5.11575,0,-0.9876174,0,0.2679682,0.09819732,-0.9584103
-10,0,5.5,0,1,0,0,0,-1
-8.931373,0,5.127917,0,-0.9872773,0,0.2745129,0.09616795,-0.9567626
-10,0,5.5,0,1,0,0,0,-1
-8.928543,0,5.14131,0,-0.9868772,0,0.2816282,0.09399222,-0.954909
-10,0,5.5,0,1,0,0,0,-1
-8.9268,0,5.156456,0,-0.9864439,0,0.2895614,0.09115307,-0.9528091
-10,0,5.5,0,1,0,0,0,-1
-8.925158,0,5.172399,0,-0.9859722,0,0.2978564,0.08805816,-0.9505407
-10,0,5.5,0,1,0,0,0,-1
-8.924481,0,5.188873,0,-0.9854934,0,0.3062711,0.08446807,-0.9481896
-10,0,5.5,0,1,0,0,0,-1
-8.923746,0,5.206264,0,-0.9849343,0,0.3152951,0.08096679,-0.9455335
-10,0,5.5,0,1,0,0,0,-1
-8.923371,0,5.223671,0,-0.984356,0,0.3242902,0.0772787,-0.9427959
-10,0,5.5,0,1,0,0,0,-1
-8.923125,0,5.24202,0,-0.9837095,0,0.3336769,0.07351677,-0.9398165
-10,0,5.5,0,1,0,0,0,-1
-8.922162,0,5.261178,0,-0.9829679,0,0.3437208,0.06977472,-0.9364763
-10,0,5.5,0,1,0,0,0,-1
-8.920979,0,5.280273,0,-0.9821603,0,0.3538258,0.06655645,-0.9329403
-10,0,5.5,0,1,0,0,0,-1
-8.919018,0,5.300549,0,-0.9812588,0,0.3644769,0.06305317,-0.9290752
-10,0,5.5,0,1,0,0,0,-1
-8.917573,0,5.321318,0,-0.9803215,0,0.3750218,0.05941172,-0.9251102
-10,0,5.5,0,1,0,0,0,-1
-8.915964,0,5.342577,0,-0.9793388,0,0.3856432,0.05537893,-0.9209846
-10,0,5.5,0,1,0,0,0,-1
-8.914442,0,5.364978,0,-0.9782892,0,0.396459,0.05097542,-0.9166361
-10,0,5.5,0,1,0,0,0,-1
-8.91351,0,5.387102,0,-0.9772246,0,0.4070009,0.04652014,-0.9122424
-10,0,5.5,0,1,0,0,0,-1
-8.91298,0,5.409943,0,-0.9761062,0,0.4177057,0.04154489,-0.9076322
-10,0,5.5,0,1,0,0,0,-1
-8.913025,0,5.433461,0,-0.974947,0,0.4283526,0.03616396,-0.9028876
-10,0,5.5,0,1,0,0,0,-1
-8.913479,0,5.457387,0,-0.9737309,0,0.4390807,0.03054412,-0.8979286
-10,0,5.5,0,1,0,0,0,-1
-8.913768,0,5.481153,0,-0.9725099,0,0.4494131,0.0244648,-0.8929891
-10,0,5.5,0,1,0,0,0,-1
-8.914373,0,5.505381,0,-0.9712262,0,0.4598127,0.0182778,-0.8878277
-10,0,5.5,0,1,0,0,0,-1
-8.914569,0,5.528138,0,-0.969984,0,0.4694526,0.01244611,-0.88287
-10,0,5.5,0,1,0,0,0,-1
-8.91513,0,5.550556,0,-0.9687529,0,0.4786561,0.006501913,-0.8779784
-10,0,5.5,0,1,0,0,0,-1
-8.916122,0,5.572802,0,-0.9675507,0,0.4873355,4.371349E-05,-0.873215
-10,0,5.5,0,1,0,0,0,-1
-8.91725,0,5.593171,0,-0.9664393,0,0.4951038,-0.006276551,-0.8688111
-10,0,5.5,0,1,0,0,0,-1
-8.918837,0,5.614073,0,-0.9652374,0,0.5032268,-0.01243034,-0.864065
-10,0,5.5,0,1,0,0,0,-1
-8.920856,0,5.633955,0,-0.9641028,0,0.5106464,-0.01891833,-0.8595829
-10,0,5.5,0,1,0,0,0,-1
-8.923708,0,5.652899,0,-0.9630185,0,0.5175086,-0.02539237,-0.8553013
-10,0,5.5,0,1,0,0,0,-1
-8.926444,0,5.670961,0,-0.9620341,0,0.5234733,-0.0324828,-0.8514227
-10,0,5.5,0,1,0,0,0,-1
-8.929242,0,5.689265,0,-0.9610424,0,0.5292467,-0.03965727,-0.8475409
-10,0,5.5,0,1,0,0,0,-1
-8.931303,0,5.705531,0,-0.9601514,0,0.5342067,-0.04673517,-0.8440611
-10,0,5.5,0,1,0,0,0,-1
-8.933043,0,5.721438,0,-0.9592877,0,0.5388122,-0.05386342,-0.8407023
-10,0,5.5,0,1,0,0,0,-1
-8.934891,0,5.736928,0,-0.9585404,0,0.5424632,-0.06173552,-0.8378083
-10,0,5.5,0,1,0,0,0,-1
-8.936343,0,5.75106,0,-0.9578581,0,0.5456104,-0.06931575,-0.8351676
-10,0,5.5,0,1,0,0,0,-1
-8.938722,0,5.7648,0,-0.9571678,0,0.548666,-0.07702696,-0.8324857
-10,0,5.5,0,1,0,0,0,-1
-8.941132,0,5.778054,0,-0.956548,0,0.5511285,-0.08495275,-0.8300846
-10,0,5.5,0,1,0,0,0,-1
-8.943705,0,5.790171,0,-0.9560156,0,0.5529082,-0.09315472,-0.8280186
-10,0,5.5,0,1,0,0,0,-1
-8.946397,0,5.802738,0,-0.9554483,0,0.5547406,-0.1013514,-0.8258272
-10,0,5.5,0,1,0,0,0,-1
-8.948521,0,5.81424,0,-0.9549975,0,0.5556974,-0.1098996,-0.8240888
-10,0,5.5,0,1,0,0,0,-1
-8.950659,0,5.825881,0,-0.9545286,0,0.5566353,-0.1183321,-0.8222863
-10,0,5.5,0,1,0,0,0,-1
-8.95234,0,5.836338,0,-0.9541414,0,0.5569941,-0.126673,-0.8207995
-10,0,5.5,0,1,0,0,0,-1
-8.954119,0,5.844978,0,-0.9539217,0,0.5563012,-0.1349237,-0.819954
-10,0,5.5,0,1,0,0,0,-1
-8.955441,0,5.852619,0,-0.9537522,0,0.5552372,-0.143029,-0.8193011
-10,0,5.5,0,1,0,0,0,-1
-8.956841,0,5.859984,0,-0.9535825,0,0.5541313,-0.1508411,-0.8186486
-10,0,5.5,0,1,0,0,0,-1
-8.958707,0,5.865876,0,-0.953497,0,0.5524937,-0.1584565,-0.8183167
-10,0,5.5,0,1,0,0,0,-1
-8.96043,0,5.87042,0,-0.9534756,0,0.5502667,-0.1664444,-0.8182317
-10,0,5.5,0,1,0,0,0,-1
-8.9627,0,5.875277,0,-0.9533929,0,0.5483916,-0.1740046,-0.8179175
-10,0,5.5,0,1,0,0,0,-1
-8.964296,0,5.879088,0,-0.9533802,0,0.5460416,-0.1814366,-0.8178751
-10,0,5.5,0,1,0,0,0,-1
-8.965836,0,5.882746,0,-0.9533522,0,0.543816,-0.1884184,-0.8177792
-10,0,5.5,0,1,0,0,0,-1
-8.966579,0,5.885426,0,-0.9533975,0,0.5411801,-0.1950904,-0.8179635
-10,0,5.5,0,1,0,0,0,-1
-8.966818,0,5.888124,0,-0.953439,0,0.5385528,-0.2015433,-0.8181328
-10,0,5.5,0,1,0,0,0,-1
-8.966155,0,5.888361,0,-0.9536703,0,0.5350103,-0.2072791,-0.8190236
-10,0,5.5,0,1,0,0,0,-1
-8.96559,0,5.889079,0,-0.953865,0,0.5314163,-0.21346,-0.8197753
-10,0,5.5,0,1,0,0,0,-1
-8.964623,0,5.887937,0,-0.9542094,0,0.5268984,-0.2194868,-0.8210991
-10,0,5.5,0,1,0,0,0,-1
-8.963884,0,5.886696,0,-0.9545567,0,0.5221781,-0.2256735,-0.8224365
-10,0,5.5,0,1,0,0,0,-1
-8.963412,0,5.886293,0,-0.9548138,0,0.5178027,-0.2320258,-0.8234345
-10,0,5.5,0,1,0,0,0,-1
-8.96268,0,5.885693,0,-0.9550779,0,0.5133947,-0.2381105,-0.8244571
-10,0,5.5,0,1,0,0,0,-1
-8.961382,0,5.88614,0,-0.9552667,0,0.5089784,-0.2449593,-0.8251884
-10,0,5.5,0,1,0,0,0,-1
-8.959752,0,5.886294,0,-0.9554876,0,0.5042816,-0.2517223,-0.8260363
-10,0,5.5,0,1,0,0,0,-1
-8.957909,0,5.886496,0,-0.9556929,0,0.4995808,-0.2584305,-0.826821
-10,0,5.5,0,1,0,0,0,-1
-8.955263,0,5.886704,0,-0.9558915,0,0.4947386,-0.2652491,-0.8275726
-10,0,5.5,0,1,0,0,0,-1
-8.952329,0,5.88628,0,-0.956119,0,0.4898094,-0.2716396,-0.8284317
-10,0,5.5,0,1,0,0,0,-1
-8.9492,0,5.885605,0,-0.9563449,0,0.4850185,-0.2775646,-0.8292859
-10,0,5.5,0,1,0,0,0,-1
-8.945565,0,5.884607,0,-0.9565749,0,0.4802251,-0.2832526,-0.8301518
-10,0,5.5,0,1,0,0,0,-1
-8.942812,0,5.884241,0,-0.9567453,0,0.4752271,-0.2897092,-0.8307996
-10,0,5.5,0,1,0,0,0,-1
-8.939666,0,5.884872,0,-0.9568251,0,0.470598,-0.2963414,-0.8310953
-10,0,5.5,0,1,0,0,0,-1
-8.936804,0,5.886313,0,-0.95683,0,0.4658829,-0.3036627,-0.8311092
-10,0,5.5,0,1,0,0,0,-1
-8.934237,0,5.888782,0,-0.9567409,0,0.4611978,-0.3116513,-0.8307649
-10,0,5.5,0,1,0,0,0,-1
-8.931393,0,5.891339,0,-0.9565818,0,0.4564819,-0.320117,-0.8301502
-10,0,5.5,0,1,0,0,0,-1
-8.927386,0,5.894163,0,-0.9563745,0,0.4521245,-0.3282849,-0.8293446
-10,0,5.5,0,1,0,0,0,-1
-8.922895,0,5.896872,0,-0.9561537,0,0.4478664,-0.3361961,-0.8284855
-10,0,5.5,0,1,0,0,0,-1
-8.916868,0,5.898529,0,-0.9559877,0,0.4433524,-0.3436981,-0.8278348
-10,0,5.5,0,1,0,0,0,-1
-8.911891,0,5.899987,0,-0.9558192,0,0.4387543,-0.3510861,-0.827184
-10,0,5.5,0,1,0,0,0,-1
-8.907365,0,5.901093,0,-0.9556544,0,0.4338682,-0.3585677,-0.8265518
-10,0,5.5,0,1,0,0,0,-1
-8.903418,0,5.903079,0,-0.9554092,0,0.4295717,-0.3658274,-0.8256141
-10,0,5.5,0,1,0,0,0,-1
-8.90037,0,5.905035,0,-0.9551723,0,0.4254774,-0.3725915,-0.824709
-10,0,5.5,0,1,0,0,0,-1
-8.897448,0,5.907359,0,-0.954891,0,0.4216988,-0.3792025,-0.8236357
-10,0,5.5,0,1,0,0,0,-1
-8.894115,0,5.9098,0,-0.9546198,0,0.4191962,-0.3841902,-0.8226012
-10,0,5.5,0,1,0,0,0,-1
-8.889178,0,5.911411,0,-0.9543887,0,0.416407,-0.3890826,-0.8217177
-10,0,5.5,0,1,0,0,0,-1
-8.883631,0,5.91241,0,-0.9542022,0,0.4134868,-0.3936766,-0.8210038
-10,0,5.5,0,1,0,0,0,-1
-8.876553,0,5.9132,0,-0.95399,0,0.4104949,-0.3984653,-0.8201949
-10,0,5.5,0,1,0,0,0,-1
-8.869886,0,5.913808,0,-0.953778,0,0.4068911,-0.4037763,-0.8193927
-10,0,5.5,0,1,0,0,0,-1
-8.863017,0,5.91427,0,-0.953554,0,0.4030404,-0.4093116,-0.8185493
-10,0,5.5,0,1,0,0,0,-1
-8.856324,0,5.916153,0,-0.9532014,0,0.3998747,-0.415034,-0.817219
-10,0,5.5,0,1,0,0,0,-1
-8.851661,0,5.918062,0,-0.9528598,0,0.3960361,-0.4212193,-0.8159229
-10,0,5.5,0,1,0,0,0,-1
-8.846931,0,5.918783,0,-0.9526117,0,0.392154,-0.4266424,-0.8149795
-10,0,5.5,0,1,0,0,0,-1
-8.842479,0,5.919928,0,-0.9523532,0,0.3888576,-0.4315078,-0.8139969
-10,0,5.5,0,1,0,0,0,-1
-8.837755,0,5.920715,0,-0.9521157,0,0.3857812,-0.4359545,-0.8130908
-10,0,5.5,0,1,0,0,0,-1
-8.833288,0,5.92163,0,-0.9518922,0,0.3829848,-0.4399863,-0.8122408
-10,0,5.5,0,1,0,0,0,-1
-8.827226,0,5.922489,0,-0.9516177,0,0.380297,-0.4442104,-0.8112037
-10,0,5.5,0,1,0,0,0,-1
-8.819664,0,5.923028,0,-0.9513282,0,0.37769,-0.4483784,-0.8101279
-10,0,5.5,0,1,0,0,0,-1
-8.81111,0,5.922194,0,-0.9511452,0,0.3750597,-0.4517346,-0.8094853
-10,0,5.5,0,1,0,0,0,-1
-8.801642,0,5.920417,0,-0.9510251,0,0.3725007,-0.4545226,-0.8091062
-10,0,5.5,0,1,0,0,0,-1
-8.793244,0,5.919745,0,-0.9507921,0,0.3698374,-0.4581098,-0.8083044
-10,0,5.5,0,1,0,0,0,-1
-8.785128,0,5.92367,0,-0.9502113,0,0.3697383,-0.4619094,-0.8061843
-10,0,5.5,0,1,0,0,0,-1
-8.77847,0,5.926238,0,-0.949702,0,0.3677454,-0.4667191,-0.804324
-10,0,5.5,0,1,0,0,0,-1
-8.774025,0,5.930154,0,-0.9490248,0,0.3645804,-0.4735309,-0.801779
-10,0,5.5,0,1,0,0,0,-1
-8.769972,0,5.934936,0,-0.948395,0,0.363493,-0.4783793,-0.799391
-10,0,5.5,0,1,0,0,0,-1
-8.764725,0,5.937191,0,-0.94793,0,0.3617717,-0.4825395,-0.7976699
-10,0,5.5,0,1,0,0,0,-1
-8.759963,0,5.940101,0,-0.9474366,0,0.3607202,-0.4863674,-0.795819
-10,0,5.5,0,1,0,0,0,-1
-8.755181,0,5.94193,0,-0.9470674,0,0.3598431,-0.4892535,-0.7944458
-10,0,5.5,0,1,0,0,0,-1
-8.750228,0,5.944763,0,-0.9465457,0,0.3589691,-0.4930381,-0.7924991
-10,0,5.5,0,1,0,0,0,-1
-8.744903,0,5.947021,0,-0.9460617,0,0.3581042,-0.4965075,-0.7907223
-10,0,5.5,0,1,0,0,0,-1
-8.739717,0,5.949651,0,-0.945502,0,0.357143,-0.5004629,-0.7886608
-10,0,5.5,0,1,0,0,0,-1
-8.735462,0,5.95278,0,-0.9448492,0,0.3555956,-0.5053477,-0.7862415
-10,0,5.5,0,1,0,0,0,-1
-8.731767,0,5.956398,0,-0.9441481,0,0.3540234,-0.5105104,-0.7836114
-10,0,5.5,0,1,0,0,0,-1
-8.728829,0,5.959887,0,-0.943433,0,0.3520537,-0.515965,-0.7809215
-10,0,5.5,0,1,0,0,0,-1
-8.726668,0,5.962868,0,-0.942748,0,0.3495862,-0.5215293,-0.7783296
-10,0,5.5,0,1,0,0,0,-1
-8.724654,0,5.966104,0,-0.9420114,0,0.347195,-0.5272507,-0.7755401
-10,0,5.5,0,1,0,0,0,-1
-8.722539,0,5.966681,0,-0.9414891,0,0.3441173,-0.5321413,-0.7735689
-10,0,5.5,0,1,0,0,0,-1
-8.719007,0,5.966397,0,-0.9410387,0,0.3415843,-0.5361827,-0.7718992
-10,0,5.5,0,1,0,0,0,-1
-8.715581,0,5.964855,0,-0.9406465,0,0.3383414,-0.540279,-0.77047
-10,0,5.5,0,1,0,0,0,-1
-8.711922,0,5.963328,0,-0.9401791,0,0.3347909,-0.5448956,-0.7687678
-10,0,5.5,0,1,0,0,0,-1
-8.707494,0,5.961185,0,-0.9397043,0,0.331288,-0.5494101,-0.7670704
-10,0,5.5,0,1,0,0,0,-1
-8.703271,0,5.957558,0,-0.9393532,0,0.3273148,-0.5534756,-0.7658526
-10,0,5.5,0,1,0,0,0,-1
-8.699083,0,5.952972,0,-0.9390898,0,0.3232239,-0.5571183,-0.764948
-10,0,5.5,0,1,0,0,0,-1
-8.695369,0,5.946391,0,-0.9390444,0,0.31887,-0.5597395,-0.764862
-10,0,5.5,0,1,0,0,0,-1
-8.691837,0,5.938497,0,-0.9391367,0,0.3142392,-0.5617859,-0.7652781
-10,0,5.5,0,1,0,0,0,-1
-8.689077,0,5.929892,0,-0.9393594,0,0.3098354,-0.5630332,-0.7661566
-10,0,5.5,0,1,0,0,0,-1
-8.686217,0,5.921228,0,-0.9395301,0,0.3051848,-0.5646378,-0.7668418
-10,0,5.5,0,1,0,0,0,-1
-8.683898,0,5.912071,0,-0.9397564,0,0.3006096,-0.5658836,-0.7677302
-10,0,5.5,0,1,0,0,0,-1
-8.681316,0,5.901326,0,-0.9401258,0,0.2957858,-0.5664913,-0.7691544
-10,0,5.5,0,1,0,0,0,-1
-8.679438,0,5.889993,0,-0.9405717,0,0.290794,-0.5667848,-0.7708397
-10,0,5.5,0,1,0,0,0,-1
-8.678727,0,5.878208,0,-0.9411213,0,0.2857382,-0.5665892,-0.7728716
-10,0,5.5,0,1,0,0,0,-1
-8.677968,0,5.866815,0,-0.9416316,0,0.281006,-0.5663864,-0.774753
-10,0,5.5,0,1,0,0,0,-1
-8.677881,0,5.854859,0,-0.9422726,0,0.2767628,-0.5652504,-0.7771066
-10,0,5.5,0,1,0,0,0,-1
-8.67711,0,5.842565,0,-0.9429222,0,0.2727129,-0.563901,-0.7795147
-10,0,5.5,0,1,0,0,0,-1
-8.676855,0,5.830133,0,-0.943593,0,0.2689247,-0.562272,-0.7820036
-10,0,5.5,0,1,0,0,0,-1
-8.67586,0,5.817687,0,-0.9442329,0,0.2653318,-0.5606329,-0.7844042
-10,0,5.5,0,1,0,0,0,-1
-8.674511,0,5.805047,0,-0.9448612,0,0.2621719,-0.558759,-0.7868
-10,0,5.5,0,1,0,0,0,-1
-8.672841,0,5.792029,0,-0.9455054,0,0.2590271,-0.5567434,-0.7892666
-10,0,5.5,0,1,0,0,0,-1
-8.67065,0,5.779607,0,-0.9460707,0,0.256522,-0.5547714,-0.7914702
-10,0,5.5,0,1,0,0,0,-1
-8.668804,0,5.767359,0,-0.9466388,0,0.2541831,-0.5526848,-0.7936816
-10,0,5.5,0,1,0,0,0,-1
-8.667288,0,5.755193,0,-0.9471951,0,0.2519077,-0.5506282,-0.7958336
-10,0,5.5,0,1,0,0,0,-1
-8.666303,0,5.743155,0,-0.9477898,0,0.2500324,-0.5481687,-0.7981197
-10,0,5.5,0,1,0,0,0,-1
-8.665591,0,5.730742,0,-0.948402,0,0.2478769,-0.5457438,-0.8004505
-10,0,5.5,0,1,0,0,0,-1
-8.664848,0,5.718753,0,-0.9489904,0,0.2461372,-0.5432039,-0.8027118
-10,0,5.5,0,1,0,0,0,-1
-8.664277,0,5.707468,0,-0.9495168,0,0.2447662,-0.5408198,-0.8047383
-10,0,5.5,0,1,0,0,0,-1
-8.663442,0,5.696475,0,-0.9500225,0,0.2437044,-0.5383783,-0.8066953
-10,0,5.5,0,1,0,0,0,-1
-8.661855,0,5.67521,0,-0.9509293,0,0.2417937,-0.5338897,-0.8102455
-10,0,5.5,0,1,0,0,0,-1
-8.661146,0,5.664574,0,-0.9513645,0,0.2408201,-0.531726,-0.8119566
-10,0,5.5,0,1,0,0,0,-1
-8.660529,0,5.654903,0,-0.9517342,0,0.2401704,-0.5298033,-0.8134044
-10,0,5.5,0,1,0,0,0,-1
-8.661222,0,5.646963,0,-0.9520022,0,0.2397918,-0.5284166,-0.8144174
-10,0,5.5,0,1,0,0,0,-1
-8.662539,0,5.641479,0,-0.9521037,0,0.2401016,-0.5277463,-0.8147608
-10,0,5.5,0,1,0,0,0,-1
-8.664131,0,5.636485,0,-0.9522571,0,0.2411984,-0.5264463,-0.8152777
-10,0,5.5,0,1,0,0,0,-1
-8.665524,0,5.630881,0,-0.9524791,0,0.2422916,-0.5247504,-0.8160465
-10,0,5.5,0,1,0,0,0,-1
-8.666336,0,5.626107,0,-0.9526821,0,0.24457,-0.5225464,-0.816781
-10,0,5.5,0,1,0,0,0,-1
-8.666406,0,5.621066,0,-0.9528885,0,0.2471515,-0.5201269,-0.8175477
-10,0,5.5,0,1,0,0,0,-1
-8.665529,0,5.614763,0,-0.9531193,0,0.2495046,-0.5175325,-0.8184792
-10,0,5.5,0,1,0,0,0,-1
-8.663853,0,5.607112,0,-0.9534199,0,0.2515697,-0.5145776,-0.8197088
-10,0,5.5,0,1,0,0,0,-1
-8.661658,0,5.599641,0,-0.9536709,0,0.253895,-0.5117162,-0.8207827
-10,0,5.5,0,1,0,0,0,-1
-8.65957,0,5.593138,0,-0.9537765,0,0.2559867,-0.5098084,-0.8213198
-10,0,5.5,0,1,0,0,0,-1
-8.657835,0,5.589735,0,-0.9534694,0,0.257846,-0.5105513,-0.820276
-10,0,5.5,0,1,0,0,0,-1
-8.655506,0,5.583925,0,-0.9533935,0,0.2597448,-0.5097896,-0.820151
-10,0,5.5,0,1,0,0,0,-1
-8.651409,0,5.573431,0,-0.953789,0,0.2619151,-0.5058433,-0.8219022
-10,0,5.5,0,1,0,0,0,-1
-8.64797,0,5.562507,0,-0.9543176,0,0.2642395,-0.5009872,-0.8241296
-10,0,5.5,0,1,0,0,0,-1
-8.64503,0,5.55266,0,-0.9547103,0,0.2663017,-0.4971155,-0.8258085
-10,0,5.5,0,1,0,0,0,-1
-8.643068,0,5.543124,0,-0.9550321,0,0.267568,-0.4941582,-0.8271728
-10,0,5.5,0,1,0,0,0,-1
-8.641256,0,5.533926,0,-0.9553054,0,0.2687405,-0.4915262,-0.8283603
-10,0,5.5,0,1,0,0,0,-1
-8.639701,0,5.525005,0,-0.9555814,0,0.2698567,-0.4889301,-0.829533
-10,0,5.5,0,1,0,0,0,-1
-8.638989,0,5.516383,0,-0.955838,0,0.2705956,-0.4867268,-0.8305872
-10,0,5.5,0,1,0,0,0,-1
-8.63868,0,5.50529,0,-0.9563274,0,0.2704893,-0.4835475,-0.8324766
-10,0,5.5,0,1,0,0,0,-1
-8.637922,0,5.492731,0,-0.9569427,0,0.2703692,-0.4794352,-0.8348905
-10,0,5.5,0,1,0,0,0,-1
-8.637627,0,5.475466,0,-0.9580485,0,0.2693422,-0.472573,-0.8391242
-10,0,5.5,0,1,0,0,0,-1
-8.636863,0,5.45752,0,-0.9592135,0,0.2685769,-0.4649518,-0.8436149
-10,0,5.5,0,1,0,0,0,-1
-8.636537,0,5.437519,0,-0.9606357,0,0.2677455,-0.4554804,-0.8490289
-10,0,5.5,0,1,0,0,0,-1
-8.636676,0,5.417884,0,-0.9620255,0,0.2668403,-0.4460895,-0.8542836
-10,0,5.5,0,1,0,0,0,-1
-8.638103,0,5.399463,0,-0.963385,0,0.2661986,-0.4366645,-0.8593385
-10,0,5.5,0,1,0,0,0,-1
-8.63948,0,5.382574,0,-0.9645255,0,0.2653333,-0.4287362,-0.8635876
-10,0,5.5,0,1,0,0,0,-1
-8.640543,0,5.366519,0,-0.9655588,0,0.2646126,-0.4213107,-0.8674546
-10,0,5.5,0,1,0,0,0,-1
-8.641155,0,5.351079,0,-0.9664771,0,0.263504,-0.4147983,-0.8709237
-10,0,5.5,0,1,0,0,0,-1
-8.640957,0,5.33693,0,-0.9672636,0,0.2629102,-0.4087636,-0.8739513
-10,0,5.5,0,1,0,0,0,-1
-8.640708,0,5.32504,0,-0.9678016,0,0.261732,-0.4050111,-0.8760493
-10,0,5.5,0,1,0,0,0,-1
-8.640551,0,5.316026,0,-0.9680946,0,0.2607742,-0.4031174,-0.8772078
-10,0,5.5,0,1,0,0,0,-1
-8.640187,0,5.30867,0,-0.9681956,0,0.2595181,-0.4029387,-0.8776622
-10,0,5.5,0,1,0,0,0,-1
-8.640051,0,5.30274,0,-0.9681693,0,0.2580166,-0.4039989,-0.8776175
-10,0,5.5,0,1,0,0,0,-1
-8.638815,0,5.298654,0,-0.9679387,0,0.2565648,-0.4064963,-0.8768895
-10,0,5.5,0,1,0,0,0,-1
-8.638009,0,5.292513,0,-0.9678962,0,0.2546685,-0.4077903,-0.8768415
-10,0,5.5,0,1,0,0,0,-1
-8.637921,0,5.286299,0,-0.9678742,0,0.2524481,-0.409183,-0.8768347
-10,0,5.5,0,1,0,0,0,-1
-8.638365,0,5.277754,0,-0.9680622,0,0.2496235,-0.40931,-0.877584
-10,0,5.5,0,1,0,0,0,-1
-8.639563,0,5.267939,0,-0.9683712,0,0.2464656,-0.4087107,-0.8787551
-10,0,5.5,0,1,0,0,0,-1
-8.641111,0,5.256609,0,-0.9688413,0,0.243178,-0.4069191,-0.8805006
-10,0,5.5,0,1,0,0,0,-1
-8.643312,0,5.245134,0,-0.9693838,0,0.240061,-0.4045441,-0.8824481
-10,0,5.5,0,1,0,0,0,-1
-8.645034,0,5.233288,0,-0.969982,0,0.2374998,-0.4012585,-0.8846387
-10,0,5.5,0,1,0,0,0,-1
-8.646714,0,5.221428,0,-0.970591,0,0.2349993,-0.3978141,-0.8868592
-10,0,5.5,0,1,0,0,0,-1
-8.647957,0,5.209511,0,-0.9712178,0,0.2329373,-0.3938405,-0.8891738
-10,0,5.5,0,1,0,0,0,-1
-8.649578,0,5.19837,0,-0.9717998,0,0.2309444,-0.3902008,-0.891296
-10,0,5.5,0,1,0,0,0,-1
-8.651463,0,5.187727,0,-0.9723542,0,0.2289577,-0.3867722,-0.8933005
-10,0,5.5,0,1,0,0,0,-1
-8.653309,0,5.177248,0,-0.9728635,0,0.2267045,-0.3838429,-0.8951369
-10,0,5.5,0,1,0,0,0,-1
-8.654866,0,5.16723,0,-0.9733248,0,0.224487,-0.3812354,-0.8968084
-10,0,5.5,0,1,0,0,0,-1
-8.656173,0,5.158053,0,-0.9737307,0,0.2227741,-0.3787694,-0.8982793
-10,0,5.5,0,1,0,0,0,-1
-8.656902,0,5.148109,0,-0.9741798,0,0.2210807,-0.375792,-0.8999465
-10,0,5.5,0,1,0,0,0,-1
-8.657428,0,5.138563,0,-0.974582,0,0.2194058,-0.3731655,-0.9014483
-10,0,5.5,0,1,0,0,0,-1
-8.658031,0,5.128871,0,-0.9749878,0,0.2176605,-0.3705084,-0.902966
-10,0,5.5,0,1,0,0,0,-1
-8.658954,0,5.119454,0,-0.9753683,0,0.2157869,-0.3681695,-0.9043712
-10,0,5.5,0,1,0,0,0,-1
-8.659959,0,5.110646,0,-0.9757165,0,0.2140953,-0.366053,-0.9056316
-10,0,5.5,0,1,0,0,0,-1
-8.661312,0,5.100235,0,-0.9761812,0,0.2120661,-0.3630231,-0.907327
-10,0,5.5,0,1,0,0,0,-1
-8.662131,0,5.089991,0,-0.9766158,0,0.2101921,-0.3600608,-0.9089419
-10,0,5.5,0,1,0,0,0,-1
-8.662921,0,5.079798,0,-0.9770182,0,0.2080527,-0.3575137,-0.9104383
-10,0,5.5,0,1,0,0,0,-1
-8.663789,0,5.069452,0,-0.9773809,0,0.2053755,-0.3556035,-0.9117934
-10,0,5.5,0,1,0,0,0,-1
-8.664431,0,5.059887,0,-0.9776807,0,0.2028574,-0.3541648,-0.9129164
-10,0,5.5,0,1,0,0,0,-1
-8.664644,0,5.050681,0,-0.9779173,0,0.200065,-0.3534404,-0.9138128
-10,0,5.5,0,1,0,0,0,-1
-8.664772,0,5.042484,0,-0.9781,0,0.1976757,-0.3530169,-0.9144964
-10,0,5.5,0,1,0,0,0,-1
-8.664782,0,5.033932,0,-0.9782977,0,0.1951409,-0.3524871,-0.9152449
-10,0,5.5,0,1,0,0,0,-1
-8.665135,0,5.026082,0,-0.9784447,0,0.1925799,-0.3525096,-0.9157785
-10,0,5.5,0,1,0,0,0,-1
-8.665009,0,5.017779,0,-0.9786042,0,0.1900037,-0.3523576,-0.9163747
-10,0,5.5,0,1,0,0,0,-1
-8.66508,0,5.008982,0,-0.9787867,0,0.1872079,-0.3520758,-0.9170582
-10,0,5.5,0,1,0,0,0,-1
-8.664398,0,4.999387,0,-0.9790061,0,0.1844639,-0.3512994,-0.9179117
-10,0,5.5,0,1,0,0,0,-1
-8.663705,0,4.989954,0,-0.9792064,0,0.1816874,-0.3507011,-0.9186939
-10,0,5.5,0,1,0,0,0,-1
-8.663109,0,4.980243,0,-0.9793943,0,0.178465,-0.3504376,-0.9194259
-10,0,5.5,0,1,0,0,0,-1
-8.662898,0,4.970072,0,-0.9795818,0,0.1746769,-0.350454,-0.9201468
-10,0,5.5,0,1,0,0,0,-1
-8.663254,0,4.959419,0,-0.9797879,0,0.170583,-0.3504301,-0.9209237
-10,0,5.5,0,1,0,0,0,-1
-8.66342,0,4.948364,0,-0.9800135,0,0.1664257,-0.3501866,-0.9217767
-10,0,5.5,0,1,0,0,0,-1
-8.663736,0,4.936858,0,-0.9802598,0,0.1622029,-0.3497074,-0.9227108
-10,0,5.5,0,1,0,0,0,-1
-8.664118,0,4.924589,0,-0.9805222,0,0.1575825,-0.3492002,-0.9237031
-10,0,5.5,0,1,0,0,0,-1
-8.664815,0,4.911761,0,-0.9808236,0,0.1529115,-0.3482557,-0.9248438
-10,0,5.5,0,1,0,0,0,-1
-8.664923,0,4.897349,0,-0.9811925,0,0.148023,-0.3465854,-0.9262655
-10,0,5.5,0,1,0,0,0,-1
-8.665731,0,4.88278,0,-0.9815528,0,0.1427798,-0.3450966,-0.9276436
-10,0,5.5,0,1,0,0,0,-1
-8.666418,0,4.86653,0,-0.9819809,0,0.1372035,-0.3429216,-0.9292902
-10,0,5.5,0,1,0,0,0,-1
-8.667231,0,4.85061,0,-0.9823918,0,0.1318487,-0.3407484,-0.9308634
-10,0,5.5,0,1,0,0,0,-1
-8.667433,0,4.834573,0,-0.9827937,0,0.1267237,-0.3384136,-0.9324256
-10,0,5.5,0,1,0,0,0,-1
-8.667654,0,4.81829,0,-0.9831781,0,0.121459,-0.3362275,-0.9339159
-10,0,5.5,0,1,0,0,0,-1
-8.667118,0,4.801448,0,-0.9835708,0,0.116266,-0.3337451,-0.935466
-10,0,5.5,0,1,0,0,0,-1
-8.66614,0,4.784942,0,-0.9839242,0,0.1112252,-0.3315012,-0.9368756
-10,0,5.5,0,1,0,0,0,-1
-8.665547,0,4.769107,0,-0.9841891,0,0.1057923,-0.3302828,-0.9379346
-10,0,5.5,0,1,0,0,0,-1
-8.665174,0,4.753798,0,-0.9843881,0,0.1001844,-0.3297735,-0.9387293
-10,0,5.5,0,1,0,0,0,-1
-8.664519,0,4.738076,0,-0.9845699,0,0.09452496,-0.3293293,-0.9394719
-10,0,5.5,0,1,0,0,0,-1
-8.663841,0,4.721658,0,-0.9848104,0,0.08896256,-0.3280779,-0.9404523
-10,0,5.5,0,1,0,0,0,-1
-8.663567,0,4.70655,0,-0.9849446,0,0.08334871,-0.3279553,-0.9410092
-10,0,5.5,0,1,0,0,0,-1
-8.664688,0,4.692709,0,-0.984974,0,0.0772125,-0.3292024,-0.9410974
-10,0,5.5,0,1,0,0,0,-1
-8.666758,0,4.680521,0,-0.984922,0,0.07145977,-0.3312746,-0.9408244
-10,0,5.5,0,1,0,0,0,-1
-8.668177,0,4.665526,0,-0.9850745,0,0.06589575,-0.3308637,-0.941375
-10,0,5.5,0,1,0,0,0,-1
-8.669719,0,4.636427,0,-0.9853558,0,0.05610458,-0.329712,-0.9424132
-10,0,5.5,0,1,0,0,0,-1
-8.669704,0,4.622558,0,-0.9854125,0,0.05135871,-0.3298721,-0.9426276
-10,0,5.5,0,1,0,0,0,-1
-8.668805,0,4.610509,0,-0.9853482,0,0.04717929,-0.3311549,-0.9423964
-10,0,5.5,0,1,0,0,0,-1
-8.668078,0,4.598765,0,-0.9852877,0,0.04319374,-0.3323641,-0.9421616
-10,0,5.5,0,1,0,0,0,-1
-8.667647,0,4.588331,0,-0.9851822,0,0.03958597,-0.3340033,-0.9417403
-10,0,5.5,0,1,0,0,0,-1
-8.667645,0,4.577843,0,-0.9851093,0,0.03607805,-0.3352814,-0.9414271
-10,0,5.5,0,1,0,0,0,-1
-8.667676,0,4.567488,0,-0.9850501,0,0.03291303,-0.3363457,-0.9411635
-10,0,5.5,0,1,0,0,0,-1
-8.667158,0,4.556327,0,-0.9850568,0,0.02996838,-0.3365895,-0.9411746
-10,0,5.5,0,1,0,0,0,-1
-8.666544,0,4.545281,0,-0.985027,0,0.02691694,-0.3371885,-0.9410526
-10,0,5.5,0,1,0,0,0,-1
-8.664724,0,4.534214,0,-0.9849743,0,0.02410363,-0.3378893,-0.9408773
-10,0,5.5,0,1,0,0,0,-1
-8.662582,0,4.522388,0,-0.9849255,0,0.0210653,-0.3384654,-0.9407429
-10,0,5.5,0,1,0,0,0,-1
-8.660709,0,4.509839,0,-0.9849388,0,0.01801958,-0.3383531,-0.9408467
-10,0,5.5,0,1,0,0,0,-1
-8.659762,0,4.497225,0,-0.984972,0,0.01482031,-0.3380754,-0.9410025
-10,0,5.5,0,1,0,0,0,-1
-8.66083,0,4.484318,0,-0.9850497,0,0.01111262,-0.3374542,-0.9412766
-10,0,5.5,0,1,0,0,0,-1
-8.661852,0,4.472248,0,-0.9851407,0,0.007966272,-0.336679,-0.9415858
-10,0,5.5,0,1,0,0,0,-1
-8.663404,0,4.461339,0,-0.9851748,0,0.00493328,-0.336524,-0.941662
-10,0,5.5,0,1,0,0,0,-1
-8.664342,0,4.450706,0,-0.9851768,0,0.002011253,-0.3366495,-0.941628
-10,0,5.5,0,1,0,0,0,-1
-8.664942,0,4.42819,0,-0.9852472,0,-0.003482185,-0.3359341,-0.9418789
-10,0,5.5,0,1,0,0,0,-1
-8.665883,0,4.416255,0,-0.9853492,0,-0.006321749,-0.3348344,-0.9422558
-10,0,5.5,0,1,0,0,0,-1
-8.667444,0,4.404831,0,-0.9854425,0,-0.009152099,-0.3338501,-0.942582
-10,0,5.5,0,1,0,0,0,-1
-8.669182,0,4.394045,0,-0.9855267,0,-0.01178795,-0.3329681,-0.9428644
-10,0,5.5,0,1,0,0,0,-1
-8.671227,0,4.384022,0,-0.9855614,0,-0.01445058,-0.3326231,-0.9429492
-10,0,5.5,0,1,0,0,0,-1
-8.673132,0,4.374843,0,-0.9855458,0,-0.017023,-0.3327945,-0.9428458
-10,0,5.5,0,1,0,0,0,-1
-8.674852,0,4.365366,0,-0.9855184,0,-0.01984473,-0.3330216,-0.9427105
-10,0,5.5,0,1,0,0,0,-1
-8.676815,0,4.354905,0,-0.9855647,0,-0.02269584,-0.3323989,-0.9428658
-10,0,5.5,0,1,0,0,0,-1
-8.679199,0,4.343155,0,-0.9856707,0,-0.02594045,-0.3310449,-0.9432585
-10,0,5.5,0,1,0,0,0,-1
-8.681845,0,4.331141,0,-0.9858589,0,-0.0288442,-0.3287757,-0.9439676
-10,0,5.5,0,1,0,0,0,-1
-8.684481,0,4.320213,0,-0.9860051,0,-0.0314468,-0.3269607,-0.9445147
-10,0,5.5,0,1,0,0,0,-1
-8.686261,0,4.310974,0,-0.9861069,0,-0.03320429,-0.3256887,-0.9448942
-10,0,5.5,0,1,0,0,0,-1
-8.688089,0,4.302011,0,-0.9861358,0,-0.03545986,-0.3251644,-0.9449926
-10,0,5.5,0,1,0,0,0,-1
-8.68986,0,4.292387,0,-0.9861844,0,-0.03798677,-0.3243526,-0.9451733
-10,0,5.5,0,1,0,0,0,-1
-8.692749,0,4.280205,0,-0.9863051,0,-0.04166837,-0.3225389,-0.9456387
-10,0,5.5,0,1,0,0,0,-1
-8.696456,0,4.266829,0,-0.9865003,0,-0.04576489,-0.3197564,-0.9463941
-10,0,5.5,0,1,0,0,0,-1
-8.700031,0,4.253644,0,-0.986701,0,-0.04962282,-0.3168519,-0.947176
-10,0,5.5,0,1,0,0,0,-1
-8.703484,0,4.24283,0,-0.9867811,0,-0.05315268,-0.3153529,-0.9474849
-10,0,5.5,0,1,0,0,0,-1
-8.706259,0,4.232778,0,-0.9868362,0,-0.05630835,-0.3141613,-0.9476983
-10,0,5.5,0,1,0,0,0,-1
-8.709881,0,4.221543,0,-0.9869402,0,-0.06007022,-0.3122316,-0.948105
-10,0,5.5,0,1,0,0,0,-1
-8.714417,0,4.209762,0,-0.9870482,0,-0.06441688,-0.3100704,-0.9485286
-10,0,5.5,0,1,0,0,0,-1
-8.719284,0,4.197739,0,-0.9871851,0,-0.06872533,-0.3074795,-0.9490696
-10,0,5.5,0,1,0,0,0,-1
-8.724677,0,4.186297,0,-0.9872704,0,-0.0734467,-0.3053246,-0.9494117
-10,0,5.5,0,1,0,0,0,-1
-8.729058,0,4.176341,0,-0.9873322,0,-0.07728378,-0.3035903,-0.9496634
-10,0,5.5,0,1,0,0,0,-1
-8.733498,0,4.167239,0,-0.9873756,0,-0.08081481,-0.3020981,-0.9498452
-10,0,5.5,0,1,0,0,0,-1
-8.737636,0,4.157964,0,-0.9874169,0,-0.08453974,-0.3005326,-0.9500175
-10,0,5.5,0,1,0,0,0,-1
-8.742328,0,4.147353,0,-0.9874901,0,-0.08882363,-0.2983369,-0.9503186
-10,0,5.5,0,1,0,0,0,-1
-8.747167,0,4.136375,0,-0.987547,0,-0.09344214,-0.2961716,-0.9505531
-10,0,5.5,0,1,0,0,0,-1
-8.751907,0,4.123776,0,-0.9876171,0,-0.09882064,-0.2935159,-0.9508328
-10,0,5.5,0,1,0,0,0,-1
-8.756351,0,4.111312,0,-0.9876468,0,-0.1043436,-0.2912223,-0.9509481
-10,0,5.5,0,1,0,0,0,-1
-8.761296,0,4.098164,0,-0.9876212,0,-0.110701,-0.2892148,-0.9508419
-10,0,5.5,0,1,0,0,0,-1
-8.766328,0,4.084603,0,-0.9876026,0,-0.117188,-0.2869096,-0.9507629
-10,0,5.5,0,1,0,0,0,-1
-8.773385,0,4.069036,0,-0.9876078,0,-0.1248802,-0.283572,-0.950785
-10,0,5.5,0,1,0,0,0,-1
-8.78248,0,4.052709,0,-0.9876142,0,-0.1332691,-0.2795822,-0.9508277
-10,0,5.5,0,1,0,0,0,-1
-8.792697,0,4.035974,0,-0.9876032,0,-0.1420986,-0.2752477,-0.9508137
-10,0,5.5,0,1,0,0,0,-1
-8.803911,0,4.02077,0,-0.9875067,0,-0.1510024,-0.2716307,-0.9504817
-10,0,5.5,0,1,0,0,0,-1
-8.814796,0,4.008087,0,-0.9873191,0,-0.1592529,-0.2692955,-0.9497992
-10,0,5.5,0,1,0,0,0,-1
-8.823675,0,3.996654,0,-0.9871426,0,-0.1665613,-0.2671248,-0.9491585
-10,0,5.5,0,1,0,0,0,-1
-8.832307,0,3.985419,0,-0.9870402,0,-0.1731844,-0.2640809,-0.9488248
-10,0,5.5,0,1,0,0,0,-1
-8.841033,0,3.973756,0,-0.9869916,0,-0.1796464,-0.2601136,-0.9487192
TRIAL,2
Condition ID,2
LATERAL(POS X),0
LATERAL(POS Y),0
LATERAL(POS Z),0
LATERAL(ROT X),0
LATERAL(ROT Y),0
LATERAL(ROT Z),0
LATERAL(FORWARD X),0
LATERAL(FORWARD Y),0
LATERAL(FORWARD Z),1
MAIN(POS X),0
MAIN(POS Y),0
MAIN(POS Z),0
MAIN(ROT X),0
MAIN(ROT Y),0
MAIN(ROT Z),0
MAIN(FORWARD X),0
MAIN(FORWARD Y),0
MAIN(FORWARD Z),1
GROUP(POS X),-10
GROUP(POS Y),0
GROUP(POS Z),4.65
-
TRAJECTORY DATA
-
PLAYER Pos X,PLAYER Pos Y,PLAYER Pos Z,PLAYER Rot X,PLAYER Rot Y,PLAYER Rot Z,PLAYER Forward X,PLAYER Forward Y,PLAYER Forward Z
-10,0,5.5,0,1,0,0,0,-1
-8.434891,0,5.30009,0,-0.9892458,0,0.2067928,-0.1747532,-0.9626517
-10,0,5.5,0,1,0,0,0,-1
-8.435688,0,5.299118,0,-0.9892956,0,0.206146,-0.1748542,-0.9627721
-10,0,5.5,0,1,0,0,0,-1
-8.435686,0,5.296953,0,-0.9893618,0,0.2053216,-0.174531,-0.9630069
-10,0,5.5,0,1,0,0,0,-1
-8.435596,0,5.29597,0,-0.9893734,0,0.2050139,-0.1745744,-0.9630646
-10,0,5.5,0,1,0,0,0,-1
-8.435163,0,5.29534,0,-0.9893639,0,0.2048883,-0.1747479,-0.9630597
-10,0,5.5,0,1,0,0,0,-1
-8.434939,0,5.294371,0,-0.9893642,0,0.2046424,-0.1749322,-0.9630786
-10,0,5.5,0,1,0,0,0,-1
-8.434745,0,5.293911,0,-0.9893444,0,0.2048331,-0.1751275,-0.9630024
-10,0,5.5,0,1,0,0,0,-1
-8.435205,0,5.29295,0,-0.9893519,0,0.2047458,-0.175283,-0.9629927
-10,0,5.5,0,1,0,0,0,-1
-8.435745,0,5.291267,0,-0.9893465,0,0.2052017,-0.1754265,-0.9628698
-10,0,5.5,0,1,0,0,0,-1
-8.435734,0,5.29033,0,-0.9893365,0,0.2055646,-0.1753698,-0.9628025
-10,0,5.5,0,1,0,0,0,-1
-8.435909,0,5.288788,0,-0.9893392,0,0.2058159,-0.1751435,-0.96279
-10,0,5.5,0,1,0,0,0,-1
-8.435863,0,5.287396,0,-0.989332,0,0.2061272,-0.1749918,-0.962751
-10,0,5.5,0,1,0,0,0,-1
-8.435955,0,5.285262,0,-0.9893392,0,0.2061213,-0.1748155,-0.9627842
-10,0,5.5,0,1,0,0,0,-1
-8.435633,0,5.282946,0,-0.9893402,0,0.2061502,-0.1745977,-0.9628177
-10,0,5.5,0,1,0,0,0,-1
-8.436362,0,5.280716,0,-0.98935,0,0.2060162,-0.1747355,-0.9628214
-10,0,5.5,0,1,0,0,0,-1
-8.437132,0,5.277673,0,-0.9893857,0,0.2057302,-0.1744842,-0.9629281
-10,0,5.5,0,1,0,0,0,-1
-8.438241,0,5.274599,0,-0.9894195,0,0.2052189,-0.1746231,-0.963012
-10,0,5.5,0,1,0,0,0,-1
-8.440389,0,5.271294,0,-0.9894691,0,0.2042435,-0.1752668,-0.9631023
-10,0,5.5,0,1,0,0,0,-1
-8.441633,0,5.268337,0,-0.9894851,0,0.2035517,-0.1759966,-0.9631159
-10,0,5.5,0,1,0,0,0,-1
-8.443767,0,5.2648,0,-0.98952,0,0.2021916,-0.1771503,-0.9631908
-10,0,5.5,0,1,0,0,0,-1
-8.445626,0,5.261524,0,-0.9895361,0,0.200859,-0.1785408,-0.9632128
-10,0,5.5,0,1,0,0,0,-1
-8.447781,0,5.256352,0,-0.9896005,0,0.1985773,-0.1797638,-0.9634584
-10,0,5.5,0,1,0,0,0,-1
-8.449337,0,5.251623,0,-0.9896283,0,0.1964736,-0.1812612,-0.9636091
-10,0,5.5,0,1,0,0,0,-1
-8.450904,0,5.245646,0,-0.9896901,0,0.1939935,-0.1822663,-0.9639219
-10,0,5.5,0,1,0,0,0,-1
-8.453054,0,5.239456,0,-0.9897572,0,0.1912032,-0.1835451,-0.9642369
-10,0,5.5,0,1,0,0,0,-1
-8.455006,0,5.232345,0,-0.9898423,0,0.1880859,-0.184623,-0.9646444
-10,0,5.5,0,1,0,0,0,-1
-8.457434,0,5.224757,0,-0.9899473,0,0.1848988,-0.1854502,-0.9651014
-10,0,5.5,0,1,0,0,0,-1
-8.460284,0,5.216696,0,-0.9900655,0,0.1814753,-0.1863497,-0.9655778
-10,0,5.5,0,1,0,0,0,-1
-8.463552,0,5.208335,0,-0.9901918,0,0.1778977,-0.1872237,-0.9660746
-10,0,5.5,0,1,0,0,0,-1
-8.466732,0,5.20051,0,-0.9902934,0,0.1745564,-0.1883377,-0.9664674
-10,0,5.5,0,1,0,0,0,-1
-8.469774,0,5.192356,0,-0.9903899,0,0.1710309,-0.1894555,-0.9668791
-10,0,5.5,0,1,0,0,0,-1
-8.472887,0,5.184128,0,-0.9904762,0,0.1673959,-0.1908334,-0.9672441
-10,0,5.5,0,1,0,0,0,-1
-8.476097,0,5.176359,0,-0.9905421,0,0.1638184,-0.1925268,-0.9675213
-10,0,5.5,0,1,0,0,0,-1
-8.47962,0,5.168927,0,-0.9905889,0,0.1601495,-0.1945644,-0.9677278
-10,0,5.5,0,1,0,0,0,-1
-8.483593,0,5.162017,0,-0.990617,0,0.1564813,-0.1970933,-0.9678161
-10,0,5.5,0,1,0,0,0,-1
-8.488308,0,5.155851,0,-0.9906217,0,0.1527778,-0.2002074,-0.9677687
-10,0,5.5,0,1,0,0,0,-1
-8.493407,0,5.149736,0,-0.9906199,0,0.1489729,-0.2035436,-0.9676659
-10,0,5.5,0,1,0,0,0,-1
-8.499581,0,5.143979,0,-0.9906276,0,0.1452579,-0.2069217,-0.9675141
-10,0,5.5,0,1,0,0,0,-1
-8.505423,0,5.138125,0,-0.9906191,0,0.1415167,-0.2103439,-0.9673307
-10,0,5.5,0,1,0,0,0,-1
-8.51211,0,5.132365,0,-0.990616,0,0.1376908,-0.2138066,-0.9671235
-10,0,5.5,0,1,0,0,0,-1
-8.518619,0,5.126998,0,-0.9906009,0,0.1342621,-0.217122,-0.9668669
-10,0,5.5,0,1,0,0,0,-1
-8.524983,0,5.121986,0,-0.990554,0,0.1309009,-0.2208726,-0.9664784
-10,0,5.5,0,1,0,0,0,-1
-8.530815,0,5.118117,0,-0.9904751,0,0.1284077,-0.2244741,-0.9659829
-10,0,5.5,0,1,0,0,0,-1
-8.536647,0,5.11456,0,-0.9903778,0,0.1259992,-0.2282348,-0.9654186
-10,0,5.5,0,1,0,0,0,-1
-8.542418,0,5.112441,0,-0.9902154,0,0.1239635,-0.2327411,-0.964606
-10,0,5.5,0,1,0,0,0,-1
-8.547843,0,5.11025,0,-0.9900392,0,0.1218868,-0.2372752,-0.9637657
-10,0,5.5,0,1,0,0,0,-1
-8.552979,0,5.108156,0,-0.9898264,0,0.1197291,-0.2422122,-0.9628074
-10,0,5.5,0,1,0,0,0,-1
-8.557519,0,5.106252,0,-0.9896094,0,0.1180456,-0.246743,-0.9618644
-10,0,5.5,0,1,0,0,0,-1
-8.562248,0,5.103707,0,-0.9894068,0,0.1160716,-0.2511161,-0.9609725
-10,0,5.5,0,1,0,0,0,-1
-8.566286,0,5.102187,0,-0.9891605,0,0.1147336,-0.2556545,-0.9599361
-10,0,5.5,0,1,0,0,0,-1
-8.57048,0,5.10051,0,-0.9889381,0,0.113596,-0.2597769,-0.958964
-10,0,5.5,0,1,0,0,0,-1
-8.574418,0,5.098874,0,-0.9887142,0,0.1127391,-0.2636706,-0.9580022
-10,0,5.5,0,1,0,0,0,-1
-8.578426,0,5.096349,0,-0.9885218,0,0.1116836,-0.2671451,-0.9571627
-10,0,5.5,0,1,0,0,0,-1
-8.582216,0,5.093512,0,-0.988338,0,0.1105982,-0.2704087,-0.956372
-10,0,5.5,0,1,0,0,0,-1
-8.585568,0,5.090454,0,-0.9881719,0,0.1097424,-0.2732269,-0.9556692
-10,0,5.5,0,1,0,0,0,-1
-8.588541,0,5.087129,0,-0.988029,0,0.1090928,-0.2755543,-0.9550751
-10,0,5.5,0,1,0,0,0,-1
-8.591751,0,5.08345,0,-0.9879252,0,0.1084986,-0.2774143,-0.9546044
-10,0,5.5,0,1,0,0,0,-1
-8.595412,0,5.078567,0,-0.9879157,0,0.1079701,-0.2780882,-0.9544683
-10,0,5.5,0,1,0,0,0,-1
-8.59927,0,5.073249,0,-0.9879695,0,0.1077242,-0.2779055,-0.9545491
-10,0,5.5,0,1,0,0,0,-1
-8.603892,0,5.068273,0,-0.9880322,0,0.1075927,-0.2777164,-0.9546193
-10,0,5.5,0,1,0,0,0,-1
-8.608842,0,5.064157,0,-0.9880702,0,0.1076714,-0.2778735,-0.9545646
-10,0,5.5,0,1,0,0,0,-1
-8.613857,0,5.060397,0,-0.9880949,0,0.1078377,-0.2781819,-0.9544557
-10,0,5.5,0,1,0,0,0,-1
-8.618045,0,5.05623,0,-0.9881209,0,0.1079807,-0.2783042,-0.954404
-10,0,5.5,0,1,0,0,0,-1
-8.621494,0,5.052599,0,-0.9880981,0,0.1081778,-0.2789441,-0.954195
-10,0,5.5,0,1,0,0,0,-1
-8.623929,0,5.049758,0,-0.9879885,0,0.1083048,-0.280579,-0.9537012
-10,0,5.5,0,1,0,0,0,-1
-8.62502,0,5.048816,0,-0.9877261,0,0.1085457,-0.2839697,-0.9526694
-10,0,5.5,0,1,0,0,0,-1
-8.625528,0,5.047398,0,-0.9874406,0,0.1083613,-0.2876396,-0.951589
-10,0,5.5,0,1,0,0,0,-1
-8.625376,0,5.045493,0,-0.9871251,0,0.107822,-0.291614,-0.9504398
-10,0,5.5,0,1,0,0,0,-1
-8.624751,0,5.042517,0,-0.9868023,0,0.1065282,-0.2957465,-0.9493084
-10,0,5.5,0,1,0,0,0,-1
-8.624845,0,5.038931,0,-0.9865226,0,0.1050897,-0.2994393,-0.9483103
-10,0,5.5,0,1,0,0,0,-1
-8.62548,0,5.03427,0,-0.9862955,0,0.1032457,-0.3026458,-0.9474946
-10,0,5.5,0,1,0,0,0,-1
-8.627037,0,5.029165,0,-0.9861305,0,0.1014058,-0.3052213,-0.946867
-10,0,5.5,0,1,0,0,0,-1
-8.62918,0,5.02431,0,-0.9860038,0,0.09983934,-0.3074009,-0.9463282
-10,0,5.5,0,1,0,0,0,-1
-8.631746,0,5.019394,0,-0.9859225,0,0.09854054,-0.309066,-0.9459218
-10,0,5.5,0,1,0,0,0,-1
-8.634795,0,5.014041,0,-0.9858685,0,0.09698003,-0.3105339,-0.9456024
-10,0,5.5,0,1,0,0,0,-1
-8.638037,0,5.009479,0,-0.9858134,0,0.09589258,-0.3119554,-0.9452453
-10,0,5.5,0,1,0,0,0,-1
-8.640754,0,5.004696,0,-0.9857355,0,0.09455553,-0.31362,-0.9448291
-10,0,5.5,0,1,0,0,0,-1
-8.643758,0,4.999591,0,-0.9856427,0,0.09281436,-0.31553,-0.9443658
-10,0,5.5,0,1,0,0,0,-1
-8.64567,0,4.993879,0,-0.985558,0,0.09117867,-0.3171365,-0.9439867
-10,0,5.5,0,1,0,0,0,-1
-8.647715,0,4.987926,0,-0.9854702,0,0.08933265,-0.3188285,-0.9435932
-10,0,5.5,0,1,0,0,0,-1
-8.649515,0,4.982084,0,-0.9853551,0,0.08745153,-0.3207945,-0.9431029
-10,0,5.5,0,1,0,0,0,-1
-8.651334,0,4.975147,0,-0.9852666,0,0.08511314,-0.3225261,-0.9427262
-10,0,5.5,0,1,0,0,0,-1
-8.653243,0,4.967459,0,-0.9852347,0,0.08278799,-0.3236046,-0.9425637
-10,0,5.5,0,1,0,0,0,-1
-8.655225,0,4.959063,0,-0.9852437,0,0.08038227,-0.3242258,-0.9425587
-10,0,5.5,0,1,0,0,0,-1
-8.657766,0,4.950542,0,-0.9852677,0,0.07783844,-0.3247707,-0.9425845
-10,0,5.5,0,1,0,0,0,-1
-8.660342,0,4.941264,0,-0.9853396,0,0.07528701,-0.3247538,-0.9427973
-10,0,5.5,0,1,0,0,0,-1
-8.663261,0,4.931421,0,-0.9854499,0,0.07267615,-0.3243257,-0.9431497
-10,0,5.5,0,1,0,0,0,-1
-8.666171,0,4.922119,0,-0.9855084,0,0.07001188,-0.324486,-0.943296
-10,0,5.5,0,1,0,0,0,-1
-8.668973,0,4.912275,0,-0.9855599,0,0.06703422,-0.3247061,-0.9434365
-10,0,5.5,0,1,0,0,0,-1
-8.6709,0,4.900567,0,-0.9856365,0,0.06348048,-0.3246177,-0.9437127
-10,0,5.5,0,1,0,0,0,-1
-8.671424,0,4.886436,0,-0.9857802,0,0.05952665,-0.3235925,-0.9443223
-10,0,5.5,0,1,0,0,0,-1
-8.672441,0,4.873851,0,-0.9858538,0,0.05578673,-0.3233497,-0.9446337
-10,0,5.5,0,1,0,0,0,-1
-8.673201,0,4.860675,0,-0.9858921,0,0.05155598,-0.3234984,-0.9448231
-10,0,5.5,0,1,0,0,0,-1
-8.67415,0,4.84572,0,-0.9860371,0,0.04718611,-0.322395,-0.9454285
-10,0,5.5,0,1,0,0,0,-1
-8.675478,0,4.829965,0,-0.9862468,0,0.0427841,-0.320548,-0.9462658
-10,0,5.5,0,1,0,0,0,-1
-8.677529,0,4.814413,0,-0.9864486,0,0.03834919,-0.3188064,-0.9470438
-10,0,5.5,0,1,0,0,0,-1
-8.679739,0,4.80013,0,-0.9865584,0,0.0338808,-0.3180794,-0.9474587
-10,0,5.5,0,1,0,0,0,-1
-8.681502,0,4.785719,0,-0.9866338,0,0.02930554,-0.3176646,-0.9477505
-10,0,5.5,0,1,0,0,0,-1
-8.682793,0,4.770722,0,-0.9867164,0,0.02458055,-0.31706,-0.9480869
-10,0,5.5,0,1,0,0,0,-1
-8.683781,0,4.755165,0,-0.9867714,0,0.01956465,-0.3166319,-0.9483469
-10,0,5.5,0,1,0,0,0,-1
-8.683908,0,4.739107,0,-0.9868611,0,0.01484355,-0.315653,-0.9487587
-10,0,5.5,0,1,0,0,0,-1
-8.68433,0,4.722407,0,-0.9869692,0,0.009886002,-0.3143863,-0.9492438
-10,0,5.5,0,1,0,0,0,-1
-8.683306,0,4.705909,0,-0.987107,0,0.005870289,-0.3125605,-0.9498798
-10,0,5.5,0,1,0,0,0,-1
-8.682556,0,4.690526,0,-0.9871848,0,0.001999195,-0.3114153,-0.9502718
-10,0,5.5,0,1,0,0,0,-1
-8.681645,0,4.674558,0,-0.987253,0,-0.002169055,-0.3102934,-0.9506385
-10,0,5.5,0,1,0,0,0,-1
-8.68033,0,4.658412,0,-0.9873075,0,-0.006324951,-0.3092192,-0.9509699
-10,0,5.5,0,1,0,0,0,-1
-8.679733,0,4.642743,0,-0.987307,0,-0.01079693,-0.3087971,-0.9510667
-10,0,5.5,0,1,0,0,0,-1
-8.679029,0,4.628575,0,-0.9872003,0,-0.01510703,-0.3096252,-0.9507387
-10,0,5.5,0,1,0,0,0,-1
-8.678364,0,4.612804,0,-0.9871746,0,-0.01936869,-0.3093881,-0.9507386
-10,0,5.5,0,1,0,0,0,-1
-8.676866,0,4.592396,0,-0.9874296,0,-0.02346621,-0.3054816,-0.9519088
-10,0,5.5,0,1,0,0,0,-1
-8.675938,0,4.572145,0,-0.9877687,0,-0.0270578,-0.3006422,-0.9533533
-10,0,5.5,0,1,0,0,0,-1
-8.677652,0,4.557061,0,-0.9878361,0,-0.03093383,-0.2996049,-0.953562
-10,0,5.5,0,1,0,0,0,-1
-8.679908,0,4.544727,0,-0.9876798,0,-0.03503265,-0.3013518,-0.9528693
-10,0,5.5,0,1,0,0,0,-1
-8.681089,0,4.528829,0,-0.9877473,0,-0.03883403,-0.3001189,-0.953111
-10,0,5.5,0,1,0,0,0,-1
-8.680431,0,4.511791,0,-0.987914,0,-0.04178338,-0.297414,-0.9538339
-10,0,5.5,0,1,0,0,0,-1
-8.679788,0,4.496669,0,-0.98792,0,-0.04499635,-0.2966264,-0.9539331
-10,0,5.5,0,1,0,0,0,-1
-8.678864,0,4.483225,0,-0.9877908,0,-0.04818305,-0.2974537,-0.9535198
-10,0,5.5,0,1,0,0,0,-1
-8.677814,0,4.469118,0,-0.9876658,0,-0.05161823,-0.2980879,-0.9531419
-10,0,5.5,0,1,0,0,0,-1
-8.677504,0,4.455372,0,-0.9875829,0,-0.05478173,-0.2983656,-0.9528784
-10,0,5.5,0,1,0,0,0,-1
-8.677829,0,4.441922,0,-0.9875308,0,-0.05773784,-0.298386,-0.9526973
-10,0,5.5,0,1,0,0,0,-1
-8.677999,0,4.42925,0,-0.9874746,0,-0.06032042,-0.2985755,-0.9524779
-10,0,5.5,0,1,0,0,0,-1
-8.678806,0,4.414622,0,-0.9875556,0,-0.0629943,-0.297066,-0.9527767
-10,0,5.5,0,1,0,0,0,-1
-8.679457,0,4.399936,0,-0.987677,0,-0.06534807,-0.2951116,-0.9532256
-10,0,5.5,0,1,0,0,0,-1
-8.679567,0,4.382992,0,-0.9878819,0,-0.06791694,-0.2917863,-0.9540693
-10,0,5.5,0,1,0,0,0,-1
-8.67852,0,4.365358,0,-0.9881517,0,-0.06992679,-0.2874874,-0.9552286
-10,0,5.5,0,1,0,0,0,-1
-8.67706,0,4.347337,0,-0.9884775,0,-0.07143492,-0.2823816,-0.9566388
-10,0,5.5,0,1,0,0,0,-1
-8.674831,0,4.328208,0,-0.9888679,0,-0.07265301,-0.2762263,-0.9583429
-10,0,5.5,0,1,0,0,0,-1
-8.670716,0,4.30741,0,-0.9894625,0,-0.07236247,-0.2671545,-0.9609329
-10,0,5.5,0,1,0,0,0,-1
-8.664956,0,4.286015,0,-0.9901269,0,-0.07116371,-0.2566025,-0.9638938
-10,0,5.5,0,1,0,0,0,-1
-8.658489,0,4.267086,0,-0.9906995,0,-0.06916595,-0.2470625,-0.9665282
-10,0,5.5,0,1,0,0,0,-1
-8.651482,0,4.251458,0,-0.9911477,0,-0.06645429,-0.2392171,-0.9686894
-10,0,5.5,0,1,0,0,0,-1
-8.645074,0,4.239915,0,-0.9914494,0,-0.06330532,-0.2339241,-0.9701917
-10,0,5.5,0,1,0,0,0,-1
-8.640633,0,4.230648,0,-0.9916206,0,-0.0609434,-0.231006,-0.9710417
-10,0,5.5,0,1,0,0,0,-1
-8.638593,0,4.224305,0,-0.9917136,0,-0.05889442,-0.2301638,-0.9713681
-10,0,5.5,0,1,0,0,0,-1
-8.638924,0,4.217578,0,-0.9917642,0,-0.05822036,-0.2301791,-0.9714052
-10,0,5.5,0,1,0,0,0,-1
-8.641845,0,4.210382,0,-0.9917896,0,-0.05894593,-0.2308142,-0.9712108
-10,0,5.5,0,1,0,0,0,-1
-8.650013,0,4.19312,0,-0.9918688,0,-0.06198672,-0.2312076,-0.9709278
-10,0,5.5,0,1,0,0,0,-1
-8.655361,0,4.18381,0,-0.9918311,0,-0.06486176,-0.2322153,-0.9704995
-10,0,5.5,0,1,0,0,0,-1
-8.66059,0,4.172958,0,-0.9918163,0,-0.06815206,-0.2324891,-0.9702083
-10,0,5.5,0,1,0,0,0,-1
-8.667063,0,4.161323,0,-0.9917959,0,-0.07223706,-0.232636,-0.9698775
-10,0,5.5,0,1,0,0,0,-1
-8.673806,0,4.149987,0,-0.9917464,0,-0.07647993,-0.2330974,-0.9694415
-10,0,5.5,0,1,0,0,0,-1
-8.680475,0,4.140476,0,-0.99165,0,-0.08043998,-0.2344141,-0.9688032
-10,0,5.5,0,1,0,0,0,-1
-8.687408,0,4.131728,0,-0.9915023,0,-0.08452031,-0.2363775,-0.9679784
-10,0,5.5,0,1,0,0,0,-1
-8.694358,0,4.124076,0,-0.9913746,0,-0.08800531,-0.2382249,-0.9672146
-10,0,5.5,0,1,0,0,0,-1
-8.702017,0,4.116282,0,-0.9912512,0,-0.09166062,-0.2398244,-0.9664795
-10,0,5.5,0,1,0,0,0,-1
-8.709234,0,4.10673,0,-0.9911796,0,-0.0954611,-0.240294,-0.9659948
-10,0,5.5,0,1,0,0,0,-1
-8.717166,0,4.095951,0,-0.9911205,0,-0.09988514,-0.240145,-0.9655846
-10,0,5.5,0,1,0,0,0,-1
-8.724507,0,4.085481,0,-0.9909875,0,-0.1046719,-0.2407805,-0.964919
-10,0,5.5,0,1,0,0,0,-1
-8.731516,0,4.075621,0,-0.990826,0,-0.1093296,-0.2417258,-0.9641659
-10,0,5.5,0,1,0,0,0,-1
-8.737825,0,4.066523,0,-0.9906262,0,-0.1139,-0.2431602,-0.9632756
-10,0,5.5,0,1,0,0,0,-1
-8.74405,0,4.057835,0,-0.990422,0,-0.1182812,-0.244614,-0.9623793
-10,0,5.5,0,1,0,0,0,-1
-8.750281,0,4.049013,0,-0.9902454,0,-0.1223968,-0.245629,-0.9616057
-10,0,5.5,0,1,0,0,0,-1
-8.756091,0,4.039205,0,-0.9901249,0,-0.1264768,-0.2456769,-0.9610656
-10,0,5.5,0,1,0,0,0,-1
-8.761773,0,4.030151,0,-0.9900123,0,-0.1301102,-0.2457378,-0.9605647
-10,0,5.5,0,1,0,0,0,-1
-8.767477,0,4.021761,0,-0.989889,0,-0.133565,-0.2460018,-0.9600227
-10,0,5.5,0,1,0,0,0,-1
-8.771321,0,4.016052,0,-0.9897491,0,-0.1356839,-0.2471485,-0.959431
-10,0,5.5,0,1,0,0,0,-1
-8.774243,0,4.010625,0,-0.9896528,0,-0.1372184,-0.2479014,-0.9590182
-10,0,5.5,0,1,0,0,0,-1
-8.77684,0,4.005147,0,-0.9896277,0,-0.1381164,-0.2479035,-0.9588888
-10,0,5.5,0,1,0,0,0,-1
-8.778051,0,3.999628,0,-0.9897192,0,-0.1379294,-0.2466808,-0.959231
-10,0,5.5,0,1,0,0,0,-1
-8.778875,0,3.994579,0,-0.9898406,0,-0.137316,-0.2452311,-0.9596906
-10,0,5.5,0,1,0,0,0,-1
-8.779152,0,3.991715,0,-0.9899758,0,-0.1356188,-0.2441829,-0.9601991
-10,0,5.5,0,1,0,0,0,-1
-8.777839,0,3.991907,0,-0.9900671,0,-0.1327108,-0.24444,-0.9605402
-10,0,5.5,0,1,0,0,0,-1
-8.776324,0,3.993113,0,-0.9901662,0,-0.1292739,-0.2448183,-0.9609123
-10,0,5.5,0,1,0,0,0,-1
-8.774921,0,3.994528,0,-0.9903135,0,-0.1254411,-0.2445977,-0.9614764
-10,0,5.5,0,1,0,0,0,-1
-8.773709,0,3.994806,0,-0.9904677,0,-0.1221364,-0.2439235,-0.9620729
-10,0,5.5,0,1,0,0,0,-1
-8.772878,0,3.9936,0,-0.9906527,0,-0.1193347,-0.2424489,-0.9627969
-10,0,5.5,0,1,0,0,0,-1
-8.772409,0,3.992015,0,-0.9907569,0,-0.1175362,-0.2417094,-0.9632041
-10,0,5.5,0,1,0,0,0,-1
-8.772369,0,3.990264,0,-0.9908225,0,-0.1163065,-0.2412794,-0.9634609
-10,0,5.5,0,1,0,0,0,-1
-8.772679,0,3.988876,0,-0.9908069,0,-0.1157325,-0.2418079,-0.9633976
-10,0,5.5,0,1,0,0,0,-1
-8.773254,0,3.987138,0,-0.9907605,0,-0.11577,-0.2425248,-0.9632128
TRIAL,3
Condition ID,3
LATERAL(POS X),0
LATERAL(POS Y),0
LATERAL(POS Z),0
LATERAL(ROT X),0
LATERAL(ROT Y),0
LATERAL(ROT Z),0
LATERAL(FORWARD X),0
LATERAL(FORWARD Y),0
LATERAL(FORWARD Z),1
MAIN(POS X),0
MAIN(POS Y),0
MAIN(POS Z),0
MAIN(ROT X),0
MAIN(ROT Y),0
MAIN(ROT Z),0
MAIN(FORWARD X),0
MAIN(FORWARD Y),0
MAIN(FORWARD Z),1
GROUP(POS X),-10
GROUP(POS Y),0
GROUP(POS Z),4.65
-
TRAJECTORY DATA
-
PLAYER Pos X,PLAYER Pos Y,PLAYER Pos Z,PLAYER Rot X,PLAYER Rot Y,PLAYER Rot Z,PLAYER Forward X,PLAYER Forward Y,PLAYER Forward Z
-10,0,5.5,0,1,0,0,0,-1
-8.457722,0,5.264954,0,-0.9922428,0,0.1196413,-0.1979805,-0.972877
-10,0,5.5,0,1,0,0,0,-1
-8.4561,0,5.266193,0,-0.9922898,0,0.1202084,-0.1964579,-0.9731158
-10,0,5.5,0,1,0,0,0,-1
-8.454758,0,5.266466,0,-0.9923707,0,0.1205837,-0.1945028,-0.9734622
-10,0,5.5,0,1,0,0,0,-1
-8.453899,0,5.266887,0,-0.9924539,0,0.1210345,-0.1925581,-0.9737927
-10,0,5.5,0,1,0,0,0,-1
-8.452922,0,5.267433,0,-0.9925371,0,0.1218169,-0.1904747,-0.9741048
-10,0,5.5,0,1,0,0,0,-1
-8.452516,0,5.268098,0,-0.9926142,0,0.1224284,-0.1887893,-0.9743564
-10,0,5.5,0,1,0,0,0,-1
-8.452437,0,5.269959,0,-0.992654,0,0.1233723,-0.1877171,-0.9744443
-10,0,5.5,0,1,0,0,0,-1
-8.451612,0,5.271465,0,-0.9926801,0,0.1242097,-0.1866668,-0.9745397
-10,0,5.5,0,1,0,0,0,-1
-8.450857,0,5.272591,0,-0.9927111,0,0.1248268,-0.1855984,-0.9746649
-10,0,5.5,0,1,0,0,0,-1
-8.449462,0,5.273682,0,-0.99273,0,0.1257637,-0.1844027,-0.9747716
-10,0,5.5,0,1,0,0,0,-1
-8.4482,0,5.274218,0,-0.9927622,0,0.1264563,-0.1830124,-0.9749438
-10,0,5.5,0,1,0,0,0,-1
-8.446754,0,5.275409,0,-0.9927686,0,0.1275405,-0.1819054,-0.9750099
-10,0,5.5,0,1,0,0,0,-1
-8.445313,0,5.27718,0,-0.9927593,0,0.1288351,-0.1809809,-0.9750117
-10,0,5.5,0,1,0,0,0,-1
-8.443573,0,5.27894,0,-0.9927376,0,0.1302093,-0.1801816,-0.9749772
-10,0,5.5,0,1,0,0,0,-1
-8.441998,0,5.280865,0,-0.9926958,0,0.1312739,-0.1799466,-0.9748778
-10,0,5.5,0,1,0,0,0,-1
-8.438324,0,5.28559,0,-0.9925616,0,0.1338016,-0.1800546,-0.9745139
-10,0,5.5,0,1,0,0,0,-1
-8.436913,0,5.288095,0,-0.9924732,0,0.134754,-0.1808313,-0.9742389
-10,0,5.5,0,1,0,0,0,-1
-8.435787,0,5.290684,0,-0.9923819,0,0.1356567,-0.1818316,-0.9739276
-10,0,5.5,0,1,0,0,0,-1
-8.43516,0,5.29406,0,-0.9922653,0,0.1365353,-0.1835163,-0.9734885
-10,0,5.5,0,1,0,0,0,-1
-8.435044,0,5.297239,0,-0.9921564,0,0.1373037,-0.1852593,-0.9730502
-10,0,5.5,0,1,0,0,0,-1
-8.434959,0,5.300568,0,-0.992034,0,0.1379956,-0.1873244,-0.9725569
-10,0,5.5,0,1,0,0,0,-1
-8.434641,0,5.303076,0,-0.9919218,0,0.1385002,-0.1891454,-0.9721328
-10,0,5.5,0,1,0,0,0,-1
-8.434299,0,5.304847,0,-0.9918222,0,0.1388152,-0.1908005,-0.9717641
-10,0,5.5,0,1,0,0,0,-1
-8.434768,0,5.306694,0,-0.9917234,0,0.1388051,-0.1928438,-0.9713621
-10,0,5.5,0,1,0,0,0,-1
-8.435385,0,5.308225,0,-0.9916335,0,0.1388023,-0.1947942,-0.9709735
-10,0,5.5,0,1,0,0,0,-1
-8.435992,0,5.310125,0,-0.99153,0,0.1390192,-0.1967921,-0.9705394
-10,0,5.5,0,1,0,0,0,-1
-8.437077,0,5.311589,0,-0.9914365,0,0.1389012,-0.1989335,-0.9701195
-10,0,5.5,0,1,0,0,0,-1
-8.437772,0,5.313427,0,-0.9913229,0,0.139151,-0.2010566,-0.9696459
-10,0,5.5,0,1,0,0,0,-1
-8.438263,0,5.315235,0,-0.9912032,0,0.1393995,-0.2032402,-0.969155
-10,0,5.5,0,1,0,0,0,-1
-8.438749,0,5.317202,0,-0.9910726,0,0.1398485,-0.2054189,-0.9686309
-10,0,5.5,0,1,0,0,0,-1
-8.438975,0,5.319146,0,-0.99093,0,0.1402823,-0.207681,-0.9680855
-10,0,5.5,0,1,0,0,0,-1
-8.438875,0,5.320243,0,-0.9908072,0,0.1408374,-0.2093908,-0.9676367
-10,0,5.5,0,1,0,0,0,-1
-8.439124,0,5.320577,0,-0.9907094,0,0.1409873,-0.2109129,-0.967284
-10,0,5.5,0,1,0,0,0,-1
-8.439484,0,5.320467,0,-0.9906278,0,0.1412472,-0.2120764,-0.9669918
-10,0,5.5,0,1,0,0,0,-1
-8.440329,0,5.320224,0,-0.9905529,0,0.1413695,-0.213349,-0.9666939
-10,0,5.5,0,1,0,0,0,-1
-8.441126,0,5.320603,0,-0.9904603,0,0.1418806,-0.2147509,-0.9663085
-10,0,5.5,0,1,0,0,0,-1
-8.442569,0,5.318849,0,-0.9904483,0,0.1417715,-0.2151987,-0.9662248
-10,0,5.5,0,1,0,0,0,-1
-8.444284,0,5.316897,0,-0.9904407,0,0.1416491,-0.2156181,-0.9661493
-10,0,5.5,0,1,0,0,0,-1
-8.446003,0,5.314528,0,-0.9904438,0,0.1414675,-0.2158954,-0.966114
-10,0,5.5,0,1,0,0,0,-1
-8.447448,0,5.311587,0,-0.9904556,0,0.1412035,-0.2159599,-0.9661382
-10,0,5.5,0,1,0,0,0,-1
-8.449083,0,5.308409,0,-0.9904705,0,0.1409312,-0.2159597,-0.9661779
-10,0,5.5,0,1,0,0,0,-1
-8.451067,0,5.305038,0,-0.9904991,0,0.1406087,-0.2158512,-0.9662493
-10,0,5.5,0,1,0,0,0,-1
-8.452666,0,5.301505,0,-0.9905145,0,0.1403105,-0.2158017,-0.9663037
-10,0,5.5,0,1,0,0,0,-1
-8.454433,0,5.296921,0,-0.9905568,0,0.1396804,-0.2154141,-0.9664815
-10,0,5.5,0,1,0,0,0,-1
-8.456445,0,5.292048,0,-0.990603,0,0.1387712,-0.2151326,-0.966675
-10,0,5.5,0,1,0,0,0,-1
-8.458129,0,5.287083,0,-0.9906438,0,0.1380553,-0.2146962,-0.9668745
-10,0,5.5,0,1,0,0,0,-1
-8.460108,0,5.280727,0,-0.9907101,0,0.1366436,-0.2142188,-0.9671811
-10,0,5.5,0,1,0,0,0,-1
-8.462481,0,5.273567,0,-0.9907977,0,0.1349923,-0.2134676,-0.9675788
-10,0,5.5,0,1,0,0,0,-1
-8.464592,0,5.266508,0,-0.9908791,0,0.1335254,-0.2126281,-0.9679672
-10,0,5.5,0,1,0,0,0,-1
-8.466681,0,5.258883,0,-0.9909641,0,0.1318208,-0.2117307,-0.9683973
-10,0,5.5,0,1,0,0,0,-1
-8.469158,0,5.25068,0,-0.9910691,0,0.1299297,-0.2106546,-0.9688875
-10,0,5.5,0,1,0,0,0,-1
-8.471779,0,5.242131,0,-0.9911664,0,0.1276685,-0.2098441,-0.9693639
-10,0,5.5,0,1,0,0,0,-1
-8.474957,0,5.233236,0,-0.9912732,0,0.1251888,-0.2090749,-0.9698534
-10,0,5.5,0,1,0,0,0,-1
-8.478266,0,5.223842,0,-0.9913903,0,0.1225656,-0.2081201,-0.9703937
-10,0,5.5,0,1,0,0,0,-1
-8.481501,0,5.2144,0,-0.9915069,0,0.1200492,-0.2070168,-0.970944
-10,0,5.5,0,1,0,0,0,-1
-8.485864,0,5.204089,0,-0.991653,0,0.1169975,-0.2059279,-0.971548
-10,0,5.5,0,1,0,0,0,-1
-8.49054,0,5.193999,0,-0.9917986,0,0.1140512,-0.2048328,-0.9721295
-10,0,5.5,0,1,0,0,0,-1
-8.495645,0,5.184219,0,-0.9919335,0,0.1110569,-0.2040939,-0.9726316
-10,0,5.5,0,1,0,0,0,-1
-8.442,0,5.241892,0,-0.9920955,0,0.1080322,-0.2026654,-0.9732707
-10,0,5.5,0,1,0,0,0,-1
-8.447483,0,5.231121,0,-0.9922734,0,0.1050431,-0.2011478,-0.9739125
-10,0,5.5,0,1,0,0,0,-1
-8.452343,0,5.220829,0,-0.9924193,0,0.1022743,-0.199882,-0.9744676
-10,0,5.5,0,1,0,0,0,-1
-8.456811,0,5.21091,0,-0.9925452,0,0.09976992,-0.1986176,-0.9749858
-10,0,5.5,0,1,0,0,0,-1
-8.460161,0,5.202961,0,-0.9925864,0,0.09806967,-0.1982027,-0.9752426
-10,0,5.5,0,1,0,0,0,-1
-8.464019,0,5.195263,0,-0.9926226,0,0.09619054,-0.1980926,-0.975452
-10,0,5.5,0,1,0,0,0,-1
-8.466955,0,5.189901,0,-0.9925692,0,0.09515413,-0.1990831,-0.9753522
-10,0,5.5,0,1,0,0,0,-1
-8.470267,0,5.184052,0,-0.992557,0,0.094239,-0.1994423,-0.9753675
-10,0,5.5,0,1,0,0,0,-1
-8.473329,0,5.177847,0,-0.9925699,0,0.0935911,-0.1991435,-0.9754909
-10,0,5.5,0,1,0,0,0,-1
-8.475545,0,5.173231,0,-0.9925499,0,0.09402759,-0.1988565,-0.9755076
-10,0,5.5,0,1,0,0,0,-1
-8.476841,0,5.170574,0,-0.9924393,0,0.09502213,-0.1996965,-0.9752396
-10,0,5.5,0,1,0,0,0,-1
-8.477858,0,5.169516,0,-0.9922606,0,0.09627157,-0.2016469,-0.9747158
-10,0,5.5,0,1,0,0,0,-1
-8.478137,0,5.169967,0,-0.9920086,0,0.09797935,-0.2044162,-0.9739683
-10,0,5.5,0,1,0,0,0,-1
-8.478865,0,5.170506,0,-0.9917425,0,0.09928263,-0.2077327,-0.9731342
-10,0,5.5,0,1,0,0,0,-1
-8.480629,0,5.171169,0,-0.9915051,0,0.1005412,-0.2109786,-0.9723064
-10,0,5.5,0,1,0,0,0,-1
-8.42909,0,5.230563,0,-0.9913208,0,0.1012607,-0.2136938,-0.9716386
-10,0,5.5,0,1,0,0,0,-1
-8.43304,0,5.228626,0,-0.9912389,0,0.1016968,-0.2153996,-0.9712161
-10,0,5.5,0,1,0,0,0,-1
-8.437374,0,5.226079,0,-0.9912121,0,0.1022926,-0.2162763,-0.9709587
-10,0,5.5,0,1,0,0,0,-1
-8.443298,0,5.22177,0,-0.9913341,0,0.1028109,-0.2153257,-0.9711153
-10,0,5.5,0,1,0,0,0,-1
-8.44904,0,5.217821,0,-0.9914517,0,0.1036295,-0.214231,-0.9712703
-10,0,5.5,0,1,0,0,0,-1
-8.455423,0,5.213034,0,-0.9916391,0,0.1044623,-0.2121904,-0.9716291
-10,0,5.5,0,1,0,0,0,-1
-8.461159,0,5.209271,0,-0.9917693,0,0.1055737,-0.2106833,-0.9718367
-10,0,5.5,0,1,0,0,0,-1
-8.466035,0,5.206904,0,-0.99185,0,0.1073437,-0.2095122,-0.9718962
-10,0,5.5,0,1,0,0,0,-1
-8.470231,0,5.206255,0,-0.9918576,0,0.1095973,-0.2091495,-0.9717228
-10,0,5.5,0,1,0,0,0,-1
-8.473683,0,5.206247,0,-0.9918202,0,0.1119149,-0.2092826,-0.97143
-10,0,5.5,0,1,0,0,0,-1
-8.476056,0,5.20774,0,-0.9916946,0,0.1143898,-0.2105361,-0.9708707
-10,0,5.5,0,1,0,0,0,-1
-8.478626,0,5.209172,0,-0.9915491,0,0.1163937,-0.2123329,-0.9702408
-10,0,5.5,0,1,0,0,0,-1
-8.480209,0,5.211568,0,-0.9913081,0,0.1179943,-0.2156045,-0.9693257
-10,0,5.5,0,1,0,0,0,-1
-8.481822,0,5.212696,0,-0.9911121,0,0.1193126,-0.2181709,-0.9685898
-10,0,5.5,0,1,0,0,0,-1
-8.483709,0,5.214475,0,-0.9908817,0,0.1203217,-0.2215329,-0.9677016
-10,0,5.5,0,1,0,0,0,-1
-8.486798,0,5.216301,0,-0.9906929,0,0.1214065,-0.2245347,-0.9668736
-10,0,5.5,0,1,0,0,0,-1
-8.490479,0,5.217902,0,-0.9905524,0,0.1226651,-0.2269004,-0.9661624
-10,0,5.5,0,1,0,0,0,-1
-8.494566,0,5.218852,0,-0.990499,0,0.1244549,-0.2277836,-0.9657255
-10,0,5.5,0,1,0,0,0,-1
-8.498685,0,5.218709,0,-0.9905036,0,0.1263433,-0.2276114,-0.9655209
-10,0,5.5,0,1,0,0,0,-1
-8.503513,0,5.215729,0,-0.9906387,0,0.1276918,-0.2257428,-0.9657822
-10,0,5.5,0,1,0,0,0,-1
-8.507894,0,5.210971,0,-0.9908242,0,0.1287102,-0.2229716,-0.9662906
-10,0,5.5,0,1,0,0,0,-1
-8.512173,0,5.203616,0,-0.9911155,0,0.1294295,-0.2184809,-0.9672199
-10,0,5.5,0,1,0,0,0,-1
-8.464916,0,5.260814,0,-0.9913411,0,0.1305257,-0.2145058,-0.967962
-10,0,5.5,0,1,0,0,0,-1
-8.466888,0,5.256588,0,-0.9914934,0,0.1323879,-0.2110353,-0.9684719
-10,0,5.5,0,1,0,0,0,-1
-8.46854,0,5.25393,0,-0.9915937,0,0.1347979,-0.2080603,-0.9687831
-10,0,5.5,0,1,0,0,0,-1
-8.469633,0,5.252648,0,-0.9916239,0,0.1374379,-0.2060477,-0.9688423
-10,0,5.5,0,1,0,0,0,-1
-8.470625,0,5.253244,0,-0.9915789,0,0.1403684,-0.205177,-0.9686069
-10,0,5.5,0,1,0,0,0,-1
-8.472857,0,5.252759,0,-0.991573,0,0.1424964,-0.2043625,-0.9684684
-10,0,5.5,0,1,0,0,0,-1
-8.475492,0,5.253104,0,-0.9915402,0,0.1447706,-0.2040404,-0.9681989
-10,0,5.5,0,1,0,0,0,-1
-8.478539,0,5.25309,0,-0.9915161,0,0.1466474,-0.2038753,-0.9679513
-10,0,5.5,0,1,0,0,0,-1
-8.481,0,5.253491,0,-0.9914724,0,0.1489055,-0.2036692,-0.9676497
-10,0,5.5,0,1,0,0,0,-1
-8.482408,0,5.25315,0,-0.9914378,0,0.1511388,-0.2030096,-0.9674422
-10,0,5.5,0,1,0,0,0,-1
-8.483437,0,5.252755,0,-0.9913951,0,0.1533875,-0.2023761,-0.9672209
-10,0,5.5,0,1,0,0,0,-1
-8.484219,0,5.252408,0,-0.9913253,0,0.155215,-0.2024529,-0.9669133
-10,0,5.5,0,1,0,0,0,-1
-8.484956,0,5.250693,0,-0.9912705,0,0.1559884,-0.2029305,-0.9666886
-10,0,5.5,0,1,0,0,0,-1
-8.48553,0,5.24806,0,-0.991217,0,0.1560049,-0.2038853,-0.9664852
-10,0,5.5,0,1,0,0,0,-1
-8.486267,0,5.243768,0,-0.9912131,0,0.1552702,-0.204484,-0.9664768
-10,0,5.5,0,1,0,0,0,-1
-8.487193,0,5.23935,0,-0.9912066,0,0.1543132,-0.2053407,-0.9664485
-10,0,5.5,0,1,0,0,0,-1
-8.488563,0,5.235573,0,-0.9911827,0,0.1534687,-0.2065205,-0.9663315
-10,0,5.5,0,1,0,0,0,-1
-8.489939,0,5.23115,0,-0.9911748,0,0.1523907,-0.2076245,-0.9662657
-10,0,5.5,0,1,0,0,0,-1
-8.491337,0,5.227474,0,-0.9911464,0,0.151633,-0.2088721,-0.9661158
-10,0,5.5,0,1,0,0,0,-1
-8.492966,0,5.22402,0,-0.9910928,0,0.1504922,-0.2108532,-0.9658638
-10,0,5.5,0,1,0,0,0,-1
-8.494132,0,5.220065,0,-0.9910232,0,0.1487871,-0.2133909,-0.9655707
-10,0,5.5,0,1,0,0,0,-1
-8.49536,0,5.215455,0,-0.9909726,0,0.1468173,-0.21574,-0.9653503
-10,0,5.5,0,1,0,0,0,-1
-8.496091,0,5.210115,0,-0.9909238,0,0.1444683,-0.2181492,-0.9651634
-10,0,5.5,0,1,0,0,0,-1
-8.497051,0,5.204012,0,-0.9909123,0,0.1420726,-0.2199555,-0.9651088
-10,0,5.5,0,1,0,0,0,-1
-8.498009,0,5.197742,0,-0.9909024,0,0.1396619,-0.2217282,-0.965055
-10,0,5.5,0,1,0,0,0,-1
-8.498824,0,5.190783,0,-0.9909142,0,0.1371464,-0.223129,-0.9650931
-10,0,5.5,0,1,0,0,0,-1
-8.447275,0,5.246379,0,-0.9909165,0,0.1345555,-0.2247861,-0.9650732
-10,0,5.5,0,1,0,0,0,-1
-8.44818,0,5.2388,0,-0.9909316,0,0.1318235,-0.2262616,-0.9651054
-10,0,5.5,0,1,0,0,0,-1
-8.448908,0,5.230627,0,-0.9909502,0,0.1287855,-0.2277881,-0.9651564
-10,0,5.5,0,1,0,0,0,-1
-8.449902,0,5.222484,0,-0.9909662,0,0.1257484,-0.2293493,-0.9651872
-10,0,5.5,0,1,0,0,0,-1
-8.450503,0,5.213396,0,-0.9910147,0,0.1226976,-0.2303025,-0.9653531
-10,0,5.5,0,1,0,0,0,-1
-8.451244,0,5.204284,0,-0.991052,0,0.1195379,-0.2314591,-0.9654726
-10,0,5.5,0,1,0,0,0,-1
-8.451835,0,5.195502,0,-0.9910792,0,0.1166144,-0.2326036,-0.9655552
-10,0,5.5,0,1,0,0,0,-1
-8.452886,0,5.185857,0,-0.9911357,0,0.113429,-0.2334479,-0.9657309
-10,0,5.5,0,1,0,0,0,-1
-8.453689,0,5.176131,0,-0.991178,0,0.1100991,-0.2344952,-0.9658626
-10,0,5.5,0,1,0,0,0,-1
-8.454478,0,5.16628,0,-0.9912305,0,0.1069899,-0.2352412,-0.9660304
-10,0,5.5,0,1,0,0,0,-1
-8.454749,0,5.155402,0,-0.9912774,0,0.10327,-0.2362111,-0.9661985
-10,0,5.5,0,1,0,0,0,-1
-8.398053,0,5.201139,0,-0.9913421,0,0.09939626,-0.2369429,-0.9664256
-10,0,5.5,0,1,0,0,0,-1
-8.397311,0,5.189559,0,-0.9913853,0,0.09581952,-0.2377107,-0.9665985
-10,0,5.5,0,1,0,0,0,-1
-8.396614,0,5.17794,0,-0.991416,0,0.09227323,-0.2386001,-0.966724
-10,0,5.5,0,1,0,0,0,-1
-8.395693,0,5.165858,0,-0.9914626,0,0.08880673,-0.2391199,-0.9669204
-10,0,5.5,0,1,0,0,0,-1
-8.394403,0,5.152887,0,-0.9915377,0,0.08538784,-0.2390892,-0.9672362
-10,0,5.5,0,1,0,0,0,-1
-8.393783,0,5.139414,0,-0.9916248,0,0.08166925,-0.2390022,-0.9675785
-10,0,5.5,0,1,0,0,0,-1
-8.393069,0,5.125264,0,-0.9917163,0,0.07776126,-0.238881,-0.9679305
-10,0,5.5,0,1,0,0,0,-1
-8.392452,0,5.111179,0,-0.991792,0,0.07386418,-0.2389214,-0.9682257
-10,0,5.5,0,1,0,0,0,-1
-8.391848,0,5.095569,0,-0.9918743,0,0.06917923,-0.2390143,-0.9685488
-10,0,5.5,0,1,0,0,0,-1
-8.391234,0,5.080589,0,-0.991922,0,0.06472215,-0.2395142,-0.9687334
-10,0,5.5,0,1,0,0,0,-1
-8.323307,0,5.114388,0,-0.9920004,0,0.06009848,-0.2394654,-0.9690431
-10,0,5.5,0,1,0,0,0,-1
-8.322029,0,5.096656,0,-0.9920869,0,0.05516405,-0.2391998,-0.9694022
-10,0,5.5,0,1,0,0,0,-1
-8.320224,0,5.077921,0,-0.9922096,0,0.05041011,-0.2381365,-0.9699229
-10,0,5.5,0,1,0,0,0,-1
-8.318077,0,5.059269,0,-0.9923356,0,0.04601279,-0.236822,-0.9704629
-10,0,5.5,0,1,0,0,0,-1
-8.316156,0,5.0388,0,-0.9924743,0,0.04084852,-0.235332,-0.9710565
-10,0,5.5,0,1,0,0,0,-1
-8.313762,0,5.018845,0,-0.9925938,0,0.03616831,-0.2339019,-0.9715874
-10,0,5.5,0,1,0,0,0,-1
-8.311834,0,4.997804,0,-0.9927271,0,0.03108349,-0.2322186,-0.9721668
-10,0,5.5,0,1,0,0,0,-1
-8.310395,0,4.978087,0,-0.9928006,0,0.02599783,-0.2315191,-0.972483
-10,0,5.5,0,1,0,0,0,-1
-8.310218,0,4.962962,0,-0.9927012,0,0.02154093,-0.233792,-0.9720479
-10,0,5.5,0,1,0,0,0,-1
-8.311247,0,4.952143,0,-0.9924132,0,0.0174541,-0.2392349,-0.9708049
-10,0,5.5,0,1,0,0,0,-1
-8.311059,0,4.93751,0,-0.9922765,0,0.0135569,-0.24187,-0.9702141
-10,0,5.5,0,1,0,0,0,-1
-8.230181,0,4.950435,0,-0.9924895,0,0.01062957,-0.2385511,-0.9710718
-10,0,5.5,0,1,0,0,0,-1
-8.228786,0,4.927631,0,-0.9927641,0,0.006787389,-0.2342067,-0.9721632
-10,0,5.5,0,1,0,0,0,-1
-8.230549,0,4.911615,0,-0.9927309,0,0.002787574,-0.2353316,-0.9719114
-10,0,5.5,0,1,0,0,0,-1
-8.231821,0,4.894869,0,-0.9925648,0,-0.002407928,-0.2383722,-0.9711708
-10,0,5.5,0,1,0,0,0,-1
-8.232979,0,4.876579,0,-0.9925932,0,-0.00643842,-0.2381435,-0.9712088
-10,0,5.5,0,1,0,0,0,-1
-8.233024,0,4.856469,0,-0.9927399,0,-0.01000099,-0.2357701,-0.9717574
-10,0,5.5,0,1,0,0,0,-1
-8.234831,0,4.839816,0,-0.9928032,0,-0.01311054,-0.2349797,-0.971912
-10,0,5.5,0,1,0,0,0,-1
-8.23563,0,4.826348,0,-0.99267,0,-0.01612028,-0.2372314,-0.9713194
-10,0,5.5,0,1,0,0,0,-1
-8.234742,0,4.810515,0,-0.9925219,0,-0.01986973,-0.2393252,-0.9707363
-10,0,5.5,0,1,0,0,0,-1
-8.234407,0,4.797561,0,-0.992389,0,-0.02234705,-0.2413452,-0.9701819
-10,0,5.5,0,1,0,0,0,-1
-8.232969,0,4.788143,0,-0.9921414,0,-0.02386701,-0.2450788,-0.9692094
-10,0,5.5,0,1,0,0,0,-1
-8.233039,0,4.778681,0,-0.9919281,0,-0.0255039,-0.2484099,-0.9683192
-10,0,5.5,0,1,0,0,0,-1
-8.233019,0,4.768625,0,-0.9917824,0,-0.02674265,-0.2506554,-0.967707
-10,0,5.5,0,1,0,0,0,-1
-8.233068,0,4.757217,0,-0.9917322,0,-0.02785642,-0.2514319,-0.9674742
-10,0,5.5,0,1,0,0,0,-1
-8.232676,0,4.744461,0,-0.9917206,0,-0.02925986,-0.2515224,-0.9674091
-10,0,5.5,0,1,0,0,0,-1
-8.231855,0,4.732093,0,-0.99173,0,-0.03023374,-0.2512829,-0.9674416
-10,0,5.5,0,1,0,0,0,-1
-8.230355,0,4.720121,0,-0.9916978,0,-0.03124398,-0.2515993,-0.9673271
-10,0,5.5,0,1,0,0,0,-1
-8.229761,0,4.708908,0,-0.9916171,0,-0.0325633,-0.2526555,-0.9670084
-10,0,5.5,0,1,0,0,0,-1
-8.22918,0,4.69928,0,-0.9914708,0,-0.03383712,-0.2547102,-0.9664253
-10,0,5.5,0,1,0,0,0,-1
-8.229526,0,4.689052,0,-0.9913164,0,-0.03570119,-0.2568533,-0.9657908
-10,0,5.5,0,1,0,0,0,-1
-8.230762,0,4.679266,0,-0.9911674,0,-0.03758558,-0.2589512,-0.9651591
-10,0,5.5,0,1,0,0,0,-1
-8.233052,0,4.669868,0,-0.9910288,0,-0.03953198,-0.260908,-0.964554
-10,0,5.5,0,1,0,0,0,-1
-8.235656,0,4.66182,0,-0.9908937,0,-0.04094699,-0.2628821,-0.9639589
-10,0,5.5,0,1,0,0,0,-1
-8.237401,0,4.653476,0,-0.9907745,0,-0.04216356,-0.2645618,-0.9634467
-10,0,5.5,0,1,0,0,0,-1
-8.238496,0,4.645219,0,-0.9906325,0,-0.04337103,-0.266492,-0.9628609
-10,0,5.5,0,1,0,0,0,-1
-8.239325,0,4.636391,0,-0.9904879,0,-0.04489933,-0.2683519,-0.962274
-10,0,5.5,0,1,0,0,0,-1
-8.24028,0,4.627234,0,-0.9902916,0,-0.04697246,-0.2708115,-0.9614858
-10,0,5.5,0,1,0,0,0,-1
-8.241267,0,4.617371,0,-0.9901211,0,-0.04926699,-0.2728247,-0.9608014
-10,0,5.5,0,1,0,0,0,-1
-8.242503,0,4.607378,0,-0.9899467,0,-0.05180671,-0.274812,-0.9601012
-10,0,5.5,0,1,0,0,0,-1
-8.246014,0,4.588745,0,-0.9896847,0,-0.05581772,-0.277762,-0.9590271
-10,0,5.5,0,1,0,0,0,-1
-8.24808,0,4.578883,0,-0.9895737,0,-0.05808999,-0.2788726,-0.9585698
-10,0,5.5,0,1,0,0,0,-1
-8.250153,0,4.567531,0,-0.9895166,0,-0.06058231,-0.2791582,-0.9583321
-10,0,5.5,0,1,0,0,0,-1
-8.252393,0,4.554769,0,-0.9894755,0,-0.06371265,-0.2790606,-0.9581577
-10,0,5.5,0,1,0,0,0,-1
-8.255484,0,4.542349,0,-0.989401,0,-0.06707542,-0.2793267,-0.9578506
-10,0,5.5,0,1,0,0,0,-1
-8.181336,0,4.5175,0,-0.9893014,0,-0.07039127,-0.2799024,-0.9574445
-10,0,5.5,0,1,0,0,0,-1
-8.184905,0,4.506671,0,-0.989186,0,-0.07352807,-0.2806839,-0.9569798
-10,0,5.5,0,1,0,0,0,-1
-8.188613,0,4.497198,0,-0.9890532,0,-0.07619434,-0.2817667,-0.9564528
-10,0,5.5,0,1,0,0,0,-1
-8.191791,0,4.487269,0,-0.9889396,0,-0.0788044,-0.2825608,-0.9560069
-10,0,5.5,0,1,0,0,0,-1
-8.195268,0,4.477152,0,-0.988817,0,-0.08165038,-0.2833626,-0.9555305
-10,0,5.5,0,1,0,0,0,-1
-8.198533,0,4.467042,0,-0.9886847,0,-0.08454723,-0.2842349,-0.9550196
-10,0,5.5,0,1,0,0,0,-1
-8.202863,0,4.456941,0,-0.9884802,0,-0.08813732,-0.2857816,-0.954233
-10,0,5.5,0,1,0,0,0,-1
-8.206981,0,4.447446,0,-0.9883158,0,-0.09125707,-0.2868654,-0.9536144
-10,0,5.5,0,1,0,0,0,-1
-8.211501,0,4.440532,0,-0.9880584,0,-0.09404335,-0.2891855,-0.9526426
-10,0,5.5,0,1,0,0,0,-1
-8.215239,0,4.435432,0,-0.9878393,0,-0.0956995,-0.2913103,-0.9518301
-10,0,5.5,0,1,0,0,0,-1
-8.218406,0,4.431867,0,-0.9875919,0,-0.09688481,-0.2939147,-0.9509089
-10,0,5.5,0,1,0,0,0,-1
-8.222122,0,4.427459,0,-0.9873914,0,-0.09817968,-0.2958147,-0.9501865
-10,0,5.5,0,1,0,0,0,-1
-8.205807,0,4.416383,0,-0.9872031,0,-0.09965602,-0.2974713,-0.9495153
-10,0,5.5,0,1,0,0,0,-1
-8.208778,0,4.413716,0,-0.987135,0,-0.09937669,-0.298144,-0.9493339
-10,0,5.5,0,1,0,0,0,-1
-8.211941,0,4.410289,0,-0.9870337,0,-0.0996905,-0.2990288,-0.9490225
-10,0,5.5,0,1,0,0,0,-1
-8.214651,0,4.407004,0,-0.9868966,0,-0.1002452,-0.3002923,-0.9485649
-10,0,5.5,0,1,0,0,0,-1
-8.218006,0,4.402487,0,-0.9865065,0,-0.1031631,-0.3038862,-0.9471065
-10,0,5.5,0,1,0,0,0,-1
-8.220449,0,4.402298,0,-0.9861997,0,-0.1036639,-0.3071892,-0.9459855
-10,0,5.5,0,1,0,0,0,-1
-8.22275,0,4.39945,0,-0.9859256,0,-0.1049837,-0.3098619,-0.9449677
-10,0,5.5,0,1,0,0,0,-1
-8.225008,0,4.395804,0,-0.9857295,0,-0.1063221,-0.3115579,-0.9442601
-10,0,5.5,0,1,0,0,0,-1
-8.227871,0,4.390896,0,-0.9856135,0,-0.1080294,-0.3120817,-0.9438935
-10,0,5.5,0,1,0,0,0,-1
-8.23027,0,4.385802,0,-0.9854817,0,-0.1097876,-0.3128323,-0.9434422
-10,0,5.5,0,1,0,0,0,-1
-8.232301,0,4.380321,0,-0.9853373,0,-0.1118577,-0.3136571,-0.942925
-10,0,5.5,0,1,0,0,0,-1
-8.233806,0,4.376919,0,-0.9851674,0,-0.1132677,-0.3150056,-0.9423069
-10,0,5.5,0,1,0,0,0,-1
-8.235435,0,4.375113,0,-0.9849377,0,-0.1145319,-0.3170784,-0.9414583
TRIAL,4
Condition ID,4
LATERAL(POS X),0
LATERAL(POS Y),0
LATERAL(POS Z),0
LATERAL(ROT X),0
LATERAL(ROT Y),0
LATERAL(ROT Z),0
LATERAL(FORWARD X),0
LATERAL(FORWARD Y),0
LATERAL(FORWARD Z),1
MAIN(POS X),0
MAIN(POS Y),0
MAIN(POS Z),0
MAIN(ROT X),0
MAIN(ROT Y),0
MAIN(ROT Z),0
MAIN(FORWARD X),0
MAIN(FORWARD Y),0
MAIN(FORWARD Z),1
GROUP(POS X),-10
GROUP(POS Y),0
GROUP(POS Z),4.65
-
TRAJECTORY DATA
-
PLAYER Pos X,PLAYER Pos Y,PLAYER Pos Z,PLAYER Rot X,PLAYER Rot Y,PLAYER Rot Z,PLAYER Forward X,PLAYER Forward Y,PLAYER Forward Z
-10,0,5.5,0,1,0,0,0,-1
-7.926607,0,5.755497,0,-0.9970647,0,0.08141435,-0.09255246,-0.9923739
-10,0,5.5,0,1,0,0,0,-1
-7.928507,0,5.757987,0,-0.9970339,0,0.08184698,-0.0937242,-0.9922283
-10,0,5.5,0,1,0,0,0,-1
-7.932199,0,5.763609,0,-0.9969724,0,0.08320815,-0.09566624,-0.9919298
-10,0,5.5,0,1,0,0,0,-1
-7.933899,0,5.765654,0,-0.9969588,0,0.08391704,-0.0958402,-0.9918531
-10,0,5.5,0,1,0,0,0,-1
-7.935343,0,5.7686,0,-0.9969239,0,0.0847523,-0.09662715,-0.9917058
-10,0,5.5,0,1,0,0,0,-1
-7.936372,0,5.771665,0,-0.9968773,0,0.08549334,-0.09765787,-0.9915413
-10,0,5.5,0,1,0,0,0,-1
-7.937926,0,5.774544,0,-0.9968425,0,0.08607109,-0.09871997,-0.9913861
-10,0,5.5,0,1,0,0,0,-1
-7.93879,0,5.777722,0,-0.9967887,0,0.08671085,-0.09998898,-0.9912032
-10,0,5.5,0,1,0,0,0,-1
-7.94026,0,5.780604,0,-0.9967498,0,0.08720706,-0.1011566,-0.9910409
-10,0,5.5,0,1,0,0,0,-1
-7.941864,0,5.783254,0,-0.9967193,0,0.08768413,-0.1021912,-0.9908928
-10,0,5.5,0,1,0,0,0,-1
-7.943596,0,5.785862,0,-0.9966895,0,0.08803628,-0.1033326,-0.9907432
-10,0,5.5,0,1,0,0,0,-1
-7.945383,0,5.787715,0,-0.9966813,0,0.08843841,-0.1037002,-0.9906691
-10,0,5.5,0,1,0,0,0,-1
-7.947437,0,5.79031,0,-0.9966705,0,0.08907749,-0.1043011,-0.9905486
-10,0,5.5,0,1,0,0,0,-1
-7.949793,0,5.79194,0,-0.996686,0,0.08964549,-0.1041798,-0.9905103
-10,0,5.5,0,1,0,0,0,-1
-7.9547,0,5.794961,0,-0.996736,0,0.09099181,-0.103381,-0.9904711
-10,0,5.5,0,1,0,0,0,-1
-7.959971,0,5.798038,0,-0.996794,0,0.09247226,-0.1022955,-0.9904467
-10,0,5.5,0,1,0,0,0,-1
-7.962561,0,5.799253,0,-0.9968243,0,0.09303687,-0.1018441,-0.9904404
-10,0,5.5,0,1,0,0,0,-1
-7.964764,0,5.800337,0,-0.9968478,0,0.09356812,-0.1012814,-0.9904479
-10,0,5.5,0,1,0,0,0,-1
-7.966343,0,5.799868,0,-0.9968882,0,0.09379092,-0.1000859,-0.9905486
-10,0,5.5,0,1,0,0,0,-1
-7.967539,0,5.800539,0,-0.9969063,0,0.09441616,-0.0990947,-0.9905888
-10,0,5.5,0,1,0,0,0,-1
-7.968758,0,5.800597,0,-0.9969344,0,0.09494054,-0.09775661,-0.9906715
-10,0,5.5,0,1,0,0,0,-1
-7.969849,0,5.799629,0,-0.9969777,0,0.09524167,-0.09595738,-0.9908183
-10,0,5.5,0,1,0,0,0,-1
-7.971307,0,5.798513,0,-0.9970261,0,0.09541063,-0.09422866,-0.9909681
-10,0,5.5,0,1,0,0,0,-1
-7.972503,0,5.797442,0,-0.9970687,0,0.0955767,-0.09258121,-0.9911074
-10,0,5.5,0,1,0,0,0,-1
-7.974065,0,5.796077,0,-0.9971185,0,0.09555103,-0.09096919,-0.9912592
-10,0,5.5,0,1,0,0,0,-1
-7.975202,0,5.795614,0,-0.9971444,0,0.09553811,-0.09015132,-0.9913352
-10,0,5.5,0,1,0,0,0,-1
-7.976229,0,5.794606,0,-0.997174,0,0.0952409,-0.08931516,-0.9914395
-10,0,5.5,0,1,0,0,0,-1
-7.977252,0,5.793554,0,-0.9972044,0,0.09491855,-0.08838871,-0.9915533
-10,0,5.5,0,1,0,0,0,-1
-7.978122,0,5.792925,0,-0.997226,0,0.09473896,-0.08767313,-0.991634
-10,0,5.5,0,1,0,0,0,-1
-7.979114,0,5.791956,0,-0.9972519,0,0.09431507,-0.08697779,-0.9917357
-10,0,5.5,0,1,0,0,0,-1
-7.979833,0,5.790778,0,-0.9972748,0,0.09376427,-0.08645836,-0.9918335
-10,0,5.5,0,1,0,0,0,-1
-7.980387,0,5.789871,0,-0.9972993,0,0.0937637,-0.08530097,-0.9919335
-10,0,5.5,0,1,0,0,0,-1
-7.981071,0,5.789412,0,-0.9973174,0,0.09375685,-0.08449475,-0.9920033
-10,0,5.5,0,1,0,0,0,-1
-7.981511,0,5.788589,0,-0.9973382,0,0.09375126,-0.08338856,-0.9920975
-10,0,5.5,0,1,0,0,0,-1
-7.981662,0,5.788537,0,-0.9973442,0,0.09403658,-0.08247603,-0.9921467
-10,0,5.5,0,1,0,0,0,-1
-7.981713,0,5.787552,0,-0.9973587,0,0.09390933,-0.08148696,-0.9922403
-10,0,5.5,0,1,0,0,0,-1
-7.981803,0,5.786541,0,-0.997373,0,0.09370673,-0.08057752,-0.992334
-10,0,5.5,0,1,0,0,0,-1
-7.982099,0,5.786203,0,-0.9973783,0,0.0934549,-0.08032249,-0.9923783
-10,0,5.5,0,1,0,0,0,-1
-7.982604,0,5.785619,0,-0.9973903,0,0.09315456,-0.07997576,-0.9924344
-10,0,5.5,0,1,0,0,0,-1
-7.98328,0,5.78531,0,-0.9974009,0,0.09288782,-0.07977261,-0.9924759
-10,0,5.5,0,1,0,0,0,-1
-7.98402,0,5.784557,0,-0.9974149,0,0.09224149,-0.0798529,-0.9925297
-10,0,5.5,0,1,0,0,0,-1
-7.984705,0,5.783504,0,-0.9974291,0,0.09138086,-0.08007962,-0.9925911
-10,0,5.5,0,1,0,0,0,-1
-7.984985,0,5.782147,0,-0.9974399,0,0.09040526,-0.08020213,-0.9926705
-10,0,5.5,0,1,0,0,0,-1
-7.985311,0,5.780482,0,-0.9974535,0,0.08923364,-0.08036143,-0.9927636
-10,0,5.5,0,1,0,0,0,-1
-7.985371,0,5.779373,0,-0.9974542,0,0.08814152,-0.0808524,-0.9928213
-10,0,5.5,0,1,0,0,0,-1
-7.985257,0,5.778756,0,-0.997445,0,0.08717625,-0.08152451,-0.9928516
-10,0,5.5,0,1,0,0,0,-1
-7.985122,0,5.779449,0,-0.9974136,0,0.08633143,-0.08306806,-0.9927973
-10,0,5.5,0,1,0,0,0,-1
-7.985663,0,5.78089,0,-0.9973837,0,0.08569397,-0.084795,-0.9927067
-10,0,5.5,0,1,0,0,0,-1
-7.985907,0,5.781664,0,-0.9973588,0,0.08501578,-0.08613794,-0.9926493
-10,0,5.5,0,1,0,0,0,-1
-7.985503,0,5.782535,0,-0.9973381,0,0.08517247,-0.08621847,-0.9926289
-10,0,5.5,0,1,0,0,0,-1
-7.983731,0,5.785026,0,-0.9973005,0,0.08720964,-0.08464288,-0.9925876
-10,0,5.5,0,1,0,0,0,-1
-7.980381,0,5.789868,0,-0.9972283,0,0.0913176,-0.08155094,-0.9924772
-10,0,5.5,0,1,0,0,0,-1
-7.976807,0,5.796351,0,-0.9971248,0,0.09602064,-0.07887068,-0.9922498
-10,0,5.5,0,1,0,0,0,-1
-7.972662,0,5.807027,0,-0.9969591,0,0.1028336,-0.07602154,-0.9917892
-10,0,5.5,0,1,0,0,0,-1
-7.969759,0,5.818679,0,-0.9967867,0,0.1096946,-0.07389285,-0.9912151
-10,0,5.5,0,1,0,0,0,-1
-7.967922,0,5.83066,0,-0.9966146,0,0.116372,-0.07244029,-0.9905606
-10,0,5.5,0,1,0,0,0,-1
-7.967214,0,5.844118,0,-0.9964325,0,0.1242651,-0.07008987,-0.9897705
-10,0,5.5,0,1,0,0,0,-1
-7.96601,0,5.857207,0,-0.9962303,0,0.132369,-0.06720214,-0.98892
-10,0,5.5,0,1,0,0,0,-1
-7.964087,0,5.874201,0,-0.9959311,0,0.1429301,-0.06325865,-0.9877092
-10,0,5.5,0,1,0,0,0,-1
-7.960415,0,5.895442,0,-0.9954913,0,0.1558644,-0.05879604,-0.9860274
-10,0,5.5,0,1,0,0,0,-1
-7.956101,0,5.923848,0,-0.994848,0,0.172038,-0.05449478,-0.983582
-10,0,5.5,0,1,0,0,0,-1
-7.951996,0,5.957864,0,-0.9940083,0,0.1907413,-0.05032431,-0.9803494
-10,0,5.5,0,1,0,0,0,-1
-7.949032,0,5.997072,0,-0.9929681,0,0.2114052,-0.04690611,-0.9762723
-10,0,5.5,0,1,0,0,0,-1
-7.947768,0,6.039508,0,-0.9917321,0,0.2338289,-0.0431327,-0.9713207
-10,0,5.5,0,1,0,0,0,-1
-7.948353,0,6.085234,0,-0.9902476,0,0.2582558,-0.0384278,-0.965312
-10,0,5.5,0,1,0,0,0,-1
-7.950867,0,6.136092,0,-0.9883922,0,0.2856493,-0.03256967,-0.9577807
-10,0,5.5,0,1,0,0,0,-1
-7.954464,0,6.190727,0,-0.9861585,0,0.3147436,-0.0263721,-0.9488103
-10,0,5.5,0,1,0,0,0,-1
-7.960428,0,6.252662,0,-0.9833857,0,0.3467095,-0.02065054,-0.9377452
-10,0,5.5,0,1,0,0,0,-1
-7.968151,0,6.313409,0,-0.9803881,0,0.3776407,-0.01571721,-0.925819
-10,0,5.5,0,1,0,0,0,-1
-7.979916,0,6.382002,0,-0.9767429,0,0.4114189,-0.01139265,-0.9113752
-10,0,5.5,0,1,0,0,0,-1
-7.99319,0,6.445313,0,-0.9730112,0,0.4426984,-0.006933317,-0.8966439
-10,0,5.5,0,1,0,0,0,-1
-8.009404,0,6.508788,0,-0.9689071,0,0.4741126,-0.002696512,-0.8804603
-10,0,5.5,0,1,0,0,0,-1
-8.029068,0,6.571691,0,-0.9645547,0,0.5045698,0.0009518936,-0.8633704
-10,0,5.5,0,1,0,0,0,-1
-8.05103,0,6.631552,0,-0.9600694,0,0.5335051,0.003663369,-0.845789
-10,0,5.5,0,1,0,0,0,-1
-8.075266,0,6.689515,0,-0.9554366,0,0.5610841,0.005870925,-0.8277381
-10,0,5.5,0,1,0,0,0,-1
-8.101681,0,6.743629,0,-0.9507098,0,0.5872523,0.007801693,-0.8093665
-10,0,5.5,0,1,0,0,0,-1
-8.128914,0,6.795556,0,-0.9458776,0,0.6120561,0.009769971,-0.7907539
-10,0,5.5,0,1,0,0,0,-1
-8.15682,0,6.845299,0,-0.940891,0,0.6358841,0.01185279,-0.7716938
-10,0,5.5,0,1,0,0,0,-1
-8.186391,0,6.893202,0,-0.9359028,0,0.6581931,0.01273119,-0.7527416
-10,0,5.5,0,1,0,0,0,-1
-8.216833,0,6.940778,0,-0.9307826,0,0.679652,0.01257428,-0.7334272
-10,0,5.5,0,1,0,0,0,-1
-8.247721,0,6.984777,0,-0.9257796,0,0.6993664,0.01180161,-0.7146662
-10,0,5.5,0,1,0,0,0,-1
-8.278187,0,7.026644,0,-0.9208012,0,0.7178175,0.01098096,-0.6961447
-10,0,5.5,0,1,0,0,0,-1
-8.307835,0,7.065794,0,-0.9159775,0,0.7346882,0.01021228,-0.6783281
-10,0,5.5,0,1,0,0,0,-1
-8.336318,0,7.102479,0,-0.9113525,0,0.7500216,0.008709685,-0.6613561
-10,0,5.5,0,1,0,0,0,-1
-8.364748,0,7.137352,0,-0.9070162,0,0.763711,0.005999149,-0.6455306
-10,0,5.5,0,1,0,0,0,-1
-8.391037,0,7.169469,0,-0.90299,0,0.7758446,0.002578447,-0.6309187
-10,0,5.5,0,1,0,0,0,-1
-8.417018,0,7.198966,0,-0.8992363,0,0.7866855,-0.001249928,-0.6173528
-10,0,5.5,0,1,0,0,0,-1
-8.442815,0,7.227912,0,-0.8955537,0,0.7968835,-0.005598725,-0.6041071
-10,0,5.5,0,1,0,0,0,-1
-8.462455,0,7.250462,0,-0.8926737,0,0.8045611,-0.009016063,-0.5938014
-10,0,5.5,0,1,0,0,0,-1
-8.483665,0,7.27311,0,-0.8896614,0,0.8123423,-0.01223705,-0.5830526
-10,0,5.5,0,1,0,0,0,-1
-8.501226,0,7.291556,0,-0.8872045,0,0.8184862,-0.01550722,-0.574317
-10,0,5.5,0,1,0,0,0,-1
-8.51762,0,7.30664,0,-0.8850927,0,0.8236282,-0.01870063,-0.5668218
-10,0,5.5,0,1,0,0,0,-1
-8.531261,0,7.317323,0,-0.8836421,0,0.8270469,-0.02261508,-0.5616779
-10,0,5.5,0,1,0,0,0,-1
-8.544385,0,7.328021,0,-0.8823156,0,0.8300796,-0.02714743,-0.556984
-10,0,5.5,0,1,0,0,0,-1
-8.556135,0,7.338112,0,-0.8811689,0,0.8326156,-0.03183612,-0.5529357
-10,0,5.5,0,1,0,0,0,-1
-8.561451,0,7.343328,0,-0.880942,0,0.832958,-0.03633481,-0.5521419
-10,0,5.5,0,1,0,0,0,-1
-8.565371,0,7.34775,0,-0.8808473,0,0.8329816,-0.04047742,-0.551818
-10,0,5.5,0,1,0,0,0,-1
-8.563807,0,7.347746,0,-0.8815491,0,0.8311268,-0.04429817,-0.5543159
-10,0,5.5,0,1,0,0,0,-1
-8.560093,0,7.345951,0,-0.8825057,0,0.8286494,-0.0477558,-0.5577272
-10,0,5.5,0,1,0,0,0,-1
-8.553576,0,7.34147,0,-0.8838228,0,0.8252856,-0.05070158,-0.5624351
-10,0,5.5,0,1,0,0,0,-1
-8.54581,0,7.33485,0,-0.8853688,0,0.8212966,-0.05372319,-0.5679663
-10,0,5.5,0,1,0,0,0,-1
-8.538714,0,7.328315,0,-0.8868113,0,0.8174989,-0.05654451,-0.5731481
-10,0,5.5,0,1,0,0,0,-1
-8.53069,0,7.319368,0,-0.8885652,0,0.8127947,-0.06018391,-0.5794331
-10,0,5.5,0,1,0,0,0,-1
-8.52274,0,7.309829,0,-0.8904065,0,0.8077185,-0.0644222,-0.5860384
-10,0,5.5,0,1,0,0,0,-1
-8.515762,0,7.300424,0,-0.892302,0,0.80227,-0.07008919,-0.5928324
-10,0,5.5,0,1,0,0,0,-1
-8.507622,0,7.290168,0,-0.8944337,0,0.7959042,-0.0771203,-0.6004907
-10,0,5.5,0,1,0,0,0,-1
-8.499853,0,7.280354,0,-0.8965448,0,0.789314,-0.08487606,-0.6080949
-10,0,5.5,0,1,0,0,0,-1
-8.490712,0,7.269528,0,-0.8988392,0,0.7818863,-0.09338039,-0.6163877
-10,0,5.5,0,1,0,0,0,-1
-8.479905,0,7.256669,0,-0.9013979,0,0.7733339,-0.102474,-0.6256626
-10,0,5.5,0,1,0,0,0,-1
-8.468696,0,7.243175,0,-0.9039597,0,0.7644073,-0.111725,-0.6349798
-10,0,5.5,0,1,0,0,0,-1
-8.45581,0,7.226485,0,-0.9068409,0,0.7540568,-0.1214908,-0.6454754
-10,0,5.5,0,1,0,0,0,-1
-8.443933,0,7.20952,0,-0.9096764,0,0.7432591,-0.1321844,-0.6558149
-10,0,5.5,0,1,0,0,0,-1
-8.432456,0,7.192074,0,-0.9124485,0,0.7321332,-0.1431932,-0.6659405
-10,0,5.5,0,1,0,0,0,-1
-8.42112,0,7.174306,0,-0.9151298,0,0.7208266,-0.1541001,-0.675768
-10,0,5.5,0,1,0,0,0,-1
-8.409348,0,7.156274,0,-0.9177665,0,0.7090764,-0.1653272,-0.6854761
-10,0,5.5,0,1,0,0,0,-1
-8.398228,0,7.139336,0,-0.9201868,0,0.6974627,-0.1769693,-0.6944261
-10,0,5.5,0,1,0,0,0,-1
-8.386624,0,7.122589,0,-0.9225553,0,0.6852022,-0.1896407,-0.7032316
-10,0,5.5,0,1,0,0,0,-1
-8.375414,0,7.105726,0,-0.9248466,0,0.6723636,-0.2032706,-0.7117643
-10,0,5.5,0,1,0,0,0,-1
-8.364516,0,7.088517,0,-0.9270598,0,0.6589274,-0.2176843,-0.7200195
-10,0,5.5,0,1,0,0,0,-1
-8.353908,0,7.070779,0,-0.9292014,0,0.6449572,-0.2324253,-0.728017
-10,0,5.5,0,1,0,0,0,-1
-8.343831,0,7.054511,0,-0.9310708,0,0.6310534,-0.2479824,-0.735035
-10,0,5.5,0,1,0,0,0,-1
-8.334044,0,7.038503,0,-0.932788,0,0.6171135,-0.2633194,-0.7415079
-10,0,5.5,0,1,0,0,0,-1
-8.325646,0,7.023176,0,-0.9342703,0,0.6034393,-0.2788145,-0.7470766
-10,0,5.5,0,1,0,0,0,-1
-8.318249,0,7.007888,0,-0.9356019,0,0.5899771,-0.293813,-0.7520645
-10,0,5.5,0,1,0,0,0,-1
-8.311569,0,6.992241,0,-0.936822,0,0.5764906,-0.308547,-0.7566092
-10,0,5.5,0,1,0,0,0,-1
-8.305936,0,6.976218,0,-0.937944,0,0.5636927,-0.3217008,-0.7607621
-10,0,5.5,0,1,0,0,0,-1
-8.299901,0,6.959129,0,-0.9390383,0,0.5506686,-0.3343904,-0.7648185
-10,0,5.5,0,1,0,0,0,-1
-8.294651,0,6.94265,0,-0.9399782,0,0.5387639,-0.3456229,-0.7682957
-10,0,5.5,0,1,0,0,0,-1
-8.287982,0,6.925968,0,-0.9408457,0,0.5267559,-0.3566859,-0.7715594
-10,0,5.5,0,1,0,0,0,-1
-8.281478,0,6.910015,0,-0.9415619,0,0.5149519,-0.3678796,-0.7742668
-10,0,5.5,0,1,0,0,0,-1
-8.274939,0,6.893495,0,-0.9422333,0,0.5028058,-0.3791718,-0.776798
-10,0,5.5,0,1,0,0,0,-1
-8.268023,0,6.875681,0,-0.9429215,0,0.49034,-0.3900068,-0.7793982
-10,0,5.5,0,1,0,0,0,-1
-8.261227,0,6.856972,0,-0.943604,0,0.4778661,-0.400218,-0.7819652
-10,0,5.5,0,1,0,0,0,-1
-8.255018,0,6.837458,0,-0.9443102,0,0.465571,-0.4094331,-0.784607
-10,0,5.5,0,1,0,0,0,-1
-8.248598,0,6.816826,0,-0.9450499,0,0.4533838,-0.4177061,-0.7873784
-10,0,5.5,0,1,0,0,0,-1
-8.241302,0,6.794633,0,-0.9458397,0,0.4410419,-0.4252183,-0.7903618
-10,0,5.5,0,1,0,0,0,-1
-8.23308,0,6.769851,0,-0.9467528,0,0.4279647,-0.4320501,-0.7938381
-10,0,5.5,0,1,0,0,0,-1
-8.223752,0,6.742534,0,-0.9477417,0,0.414018,-0.4386202,-0.7976224
-10,0,5.5,0,1,0,0,0,-1
-8.214137,0,6.712076,0,-0.9488952,0,0.3991161,-0.4443529,-0.8020332
-10,0,5.5,0,1,0,0,0,-1
-8.203831,0,6.679902,0,-0.950062,0,0.3837126,-0.4497717,-0.8065172
-10,0,5.5,0,1,0,0,0,-1
-8.194386,0,6.647839,0,-0.9511932,0,0.3688505,-0.4543594,-0.810868
-10,0,5.5,0,1,0,0,0,-1
-8.184245,0,6.61458,0,-0.9523374,0,0.3542522,-0.4580235,-0.8153035
-10,0,5.5,0,1,0,0,0,-1
-8.163483,0,6.545376,0,-0.9546205,0,0.325249,-0.4634619,-0.824267
-10,0,5.5,0,1,0,0,0,-1
-8.149922,0,6.503806,0,-0.9560498,0,0.3098584,-0.4637722,-0.830002
-10,0,5.5,0,1,0,0,0,-1
-8.136753,0,6.458548,0,-0.9575512,0,0.2926206,-0.4641668,-0.8360159
-10,0,5.5,0,1,0,0,0,-1
-8.121823,0,6.407146,0,-0.9592144,0,0.2736689,-0.4635057,-0.8427739
-10,0,5.5,0,1,0,0,0,-1
-8.107759,0,6.351077,0,-0.9609181,0,0.2522025,-0.4630417,-0.8496978
-10,0,5.5,0,1,0,0,0,-1
-8.092456,0,6.288634,0,-0.9626887,0,0.228651,-0.4617533,-0.8570315
-10,0,5.5,0,1,0,0,0,-1
-8.076202,0,6.224176,0,-0.9644713,0,0.2064436,-0.4580077,-0.8646445
-10,0,5.5,0,1,0,0,0,-1
-8.059965,0,6.162015,0,-0.9659294,0,0.1858595,-0.45434,-0.8712242
-10,0,5.5,0,1,0,0,0,-1
-8.041765,0,6.096273,0,-0.9672511,0,0.1651686,-0.4498025,-0.8777226
-10,0,5.5,0,1,0,0,0,-1
-8.023892,0,6.02792,0,-0.9683042,0,0.1434705,-0.4458736,-0.8835231
-10,0,5.5,0,1,0,0,0,-1
-8.008471,0,5.956249,0,-0.9691028,0,0.1196048,-0.4430107,-0.8885024
-10,0,5.5,0,1,0,0,0,-1
-7.995738,0,5.877374,0,-0.9698045,0,0.09251606,-0.4399216,-0.8932581
-10,0,5.5,0,1,0,0,0,-1
-7.98776,0,5.791819,0,-0.9705848,0,0.06264356,-0.435079,-0.8982105
-10,0,5.5,0,1,0,0,0,-1
-7.985117,0,5.706243,0,-0.9711204,0,0.03135607,-0.4307253,-0.9019382
-10,0,5.5,0,1,0,0,0,-1
-7.987123,0,5.621562,0,-0.9712806,0,-0.0009602383,-0.4275743,-0.9039798
-10,0,5.5,0,1,0,0,0,-1
-7.993755,0,5.537382,0,-0.9711602,0,-0.0341595,-0.4247649,-0.9046592
-10,0,5.5,0,1,0,0,0,-1
-8.001925,0,5.457419,0,-0.9704017,0,-0.06644103,-0.4244199,-0.9030248
-10,0,5.5,0,1,0,0,0,-1
-8.013565,0,5.379681,0,-0.969514,0,-0.09813119,-0.4232953,-0.9006617
-10,0,5.5,0,1,0,0,0,-1
-8.027468,0,5.302435,0,-0.9682239,0,-0.1300359,-0.4228945,-0.8968005
-10,0,5.5,0,1,0,0,0,-1
-7.984286,0,5.338951,0,-0.966572,0,-0.1622042,-0.4229983,-0.8914944
-10,0,5.5,0,1,0,0,0,-1
-7.997798,0,5.26545,0,-0.9643208,0,-0.1928964,-0.425585,-0.8841202
-10,0,5.5,0,1,0,0,0,-1
-7.939745,0,5.313394,0,-0.9618303,0,-0.2237591,-0.4279305,-0.8756753
-10,0,5.5,0,1,0,0,0,-1
-7.954124,0,5.240305,0,-0.9590661,0,-0.2535539,-0.4305259,-0.866232
-10,0,5.5,0,1,0,0,0,-1
-7.888922,0,5.279132,0,-0.9560659,0,-0.2831708,-0.4327295,-0.8558969
-10,0,5.5,0,1,0,0,0,-1
-7.90434,0,5.204297,0,-0.9529842,0,-0.3119611,-0.4338736,-0.845242
-10,0,5.5,0,1,0,0,0,-1
-7.830163,0,5.231524,0,-0.9497494,0,-0.3406352,-0.4339553,-0.8340566
-10,0,5.5,0,1,0,0,0,-1
-7.847709,0,5.153627,0,-0.9465331,0,-0.3686173,-0.4325241,-0.822827
-10,0,5.5,0,1,0,0,0,-1
-7.766432,0,5.167541,0,-0.9431298,0,-0.3958837,-0.4310929,-0.8108239
-10,0,5.5,0,1,0,0,0,-1
-7.785025,0,5.093585,0,-0.9397032,0,-0.4215738,-0.4296528,-0.7985449
-10,0,5.5,0,1,0,0,0,-1
-7.708683,0,5.093973,0,-0.9361784,0,-0.4451174,-0.4296019,-0.7856926
-10,0,5.5,0,1,0,0,0,-1
-7.726586,0,5.028852,0,-0.9325119,0,-0.4673189,-0.4302412,-0.7723379
-10,0,5.5,0,1,0,0,0,-1
-7.660226,0,5.014159,0,-0.9289212,0,-0.4875247,-0.4311081,-0.7592534
-10,0,5.5,0,1,0,0,0,-1
-7.677763,0,4.956856,0,-0.9254654,0,-0.5063745,-0.4316341,-0.7465097
-10,0,5.5,0,1,0,0,0,-1
-7.695498,0,4.903308,0,-0.9220921,0,-0.5236742,-0.4321629,-0.7341666
-10,0,5.5,0,1,0,0,0,-1
-7.608967,0,4.893454,0,-0.9190126,0,-0.5380353,-0.4338021,-0.7227267
-10,0,5.5,0,1,0,0,0,-1
-7.62378,0,4.849346,0,-0.915879,0,-0.5517141,-0.4356566,-0.7112065
-10,0,5.5,0,1,0,0,0,-1
-7.637761,0,4.812787,0,-0.9130911,0,-0.5633757,-0.4376471,-0.7007661
-10,0,5.5,0,1,0,0,0,-1
-7.650539,0,4.778971,0,-0.9102291,0,-0.5740932,-0.4405889,-0.6901438
-10,0,5.5,0,1,0,0,0,-1
-7.57834,0,4.763754,0,-0.9076729,0,-0.5826631,-0.4440121,-0.6807033
-10,0,5.5,0,1,0,0,0,-1
-7.589452,0,4.734001,0,-0.9050619,0,-0.5914258,-0.4470583,-0.6710845
-10,0,5.5,0,1,0,0,0,-1
-7.600082,0,4.706142,0,-0.9027745,0,-0.5992094,-0.4491432,-0.6627356
-10,0,5.5,0,1,0,0,0,-1
-7.610711,0,4.678946,0,-0.9005268,0,-0.6067574,-0.4510443,-0.6545264
-10,0,5.5,0,1,0,0,0,-1
-7.618904,0,4.657281,0,-0.8986785,0,-0.6124722,-0.4530422,-0.6477891
-10,0,5.5,0,1,0,0,0,-1
-7.626999,0,4.636928,0,-0.8969353,0,-0.6178638,-0.4548672,-0.6413583
-10,0,5.5,0,1,0,0,0,-1
-7.634806,0,4.617337,0,-0.8952832,0,-0.6229222,-0.4565018,-0.6352748
-10,0,5.5,0,1,0,0,0,-1
-7.641428,0,4.602079,0,-0.8940434,0,-0.626766,-0.4577248,-0.6305971
-10,0,5.5,0,1,0,0,0,-1
-7.646979,0,4.590134,0,-0.8931472,0,-0.6297756,-0.4585043,-0.627022
-10,0,5.5,0,1,0,0,0,-1
-7.652058,0,4.57861,0,-0.8923321,0,-0.6323975,-0.4592417,-0.6238353
-10,0,5.5,0,1,0,0,0,-1
-7.575312,0,4.559131,0,-0.8918079,0,-0.6341572,-0.459594,-0.6217861
-10,0,5.5,0,1,0,0,0,-1
-7.578431,0,4.548382,0,-0.8913293,0,-0.6355968,-0.4598833,-0.6201001
-10,0,5.5,0,1,0,0,0,-1
-7.580871,0,4.537766,0,-0.8910112,0,-0.6366721,-0.4597886,-0.6190665
-10,0,5.5,0,1,0,0,0,-1
-7.582946,0,4.526293,0,-0.8906984,0,-0.637588,-0.4596842,-0.6182008
-10,0,5.5,0,1,0,0,0,-1
-7.584607,0,4.516564,0,-0.8905762,0,-0.6379558,-0.4594125,-0.618023
-10,0,5.5,0,1,0,0,0,-1
-7.585772,0,4.508283,0,-0.8904926,0,-0.6382631,-0.4592599,-0.6178192
-10,0,5.5,0,1,0,0,0,-1
-7.587027,0,4.504367,0,-0.8907638,0,-0.637983,-0.4586346,-0.6185728
-10,0,5.5,0,1,0,0,0,-1
-7.588002,0,4.50094,0,-0.8910512,0,-0.6375543,-0.4581374,-0.6193826
-10,0,5.5,0,1,0,0,0,-1
-7.587758,0,4.500135,0,-0.8916486,0,-0.6362634,-0.4573286,-0.6213049
-10,0,5.5,0,1,0,0,0,-1
-7.585424,0,4.500859,0,-0.8923586,0,-0.6339756,-0.4570295,-0.6238582
-10,0,5.5,0,1,0,0,0,-1
-7.582298,0,4.502596,0,-0.8932274,0,-0.631069,-0.4566011,-0.6271104
-10,0,5.5,0,1,0,0,0,-1
-7.579952,0,4.502294,0,-0.894056,0,-0.6285607,-0.4556817,-0.6302903
-10,0,5.5,0,1,0,0,0,-1
-7.575872,0,4.506818,0,-0.8949458,0,-0.6250396,-0.455979,-0.6335681
-10,0,5.5,0,1,0,0,0,-1
-7.57212,0,4.512268,0,-0.8957582,0,-0.6214717,-0.456745,-0.6365193
-10,0,5.5,0,1,0,0,0,-1
-7.567842,0,4.520394,0,-0.8967003,0,-0.61743,-0.4576362,-0.6398043
-10,0,5.5,0,1,0,0,0,-1
-7.564423,0,4.53013,0,-0.8977696,0,-0.6134593,-0.4580742,-0.6433006
-10,0,5.5,0,1,0,0,0,-1
-7.560771,0,4.541538,0,-0.8990553,0,-0.6090875,-0.4579869,-0.6475032
-10,0,5.5,0,1,0,0,0,-1
-7.556203,0,4.552828,0,-0.9003075,0,-0.6042119,-0.4582917,-0.6518411
-10,0,5.5,0,1,0,0,0,-1
-7.550574,0,4.564013,0,-0.9015417,0,-0.5987526,-0.4589633,-0.6563901
-10,0,5.5,0,1,0,0,0,-1
-7.544843,0,4.574592,0,-0.9027696,0,-0.5931447,-0.4595453,-0.6610578
-10,0,5.5,0,1,0,0,0,-1
-7.538846,0,4.584908,0,-0.9039879,0,-0.5873449,-0.4601385,-0.6658068
-10,0,5.5,0,1,0,0,0,-1
-7.533357,0,4.595043,0,-0.9052077,0,-0.5817499,-0.4604465,-0.6704895
-10,0,5.5,0,1,0,0,0,-1
-7.528186,0,4.606568,0,-0.9064561,0,-0.5760228,-0.46082,-0.6751613
-10,0,5.5,0,1,0,0,0,-1
-7.523228,0,4.619715,0,-0.9076861,0,-0.5701025,-0.461546,-0.6796755
-10,0,5.5,0,1,0,0,0,-1
-7.516409,0,4.636074,0,-0.9086384,0,-0.5630094,-0.4647246,-0.6834116
-10,0,5.5,0,1,0,0,0,-1
-7.51026,0,4.651933,0,-0.9097291,0,-0.5560818,-0.4669612,-0.6875467
-10,0,5.5,0,1,0,0,0,-1
-7.506393,0,4.667012,0,-0.9113955,0,-0.5496631,-0.4658891,-0.6934103
-10,0,5.5,0,1,0,0,0,-1
-7.502474,0,4.683232,0,-0.9132079,0,-0.5429137,-0.4643084,-0.6997587
-10,0,5.5,0,1,0,0,0,-1
-7.498023,0,4.702727,0,-0.9151999,0,-0.5352412,-0.4626772,-0.7067154
-10,0,5.5,0,1,0,0,0,-1
-7.491076,0,4.726411,0,-0.9170274,0,-0.5259538,-0.4631834,-0.7133257
-10,0,5.5,0,1,0,0,0,-1
-7.482547,0,4.754624,0,-0.9189618,0,-0.5149785,-0.4644592,-0.7204685
-10,0,5.5,0,1,0,0,0,-1
-7.473482,0,4.786428,0,-0.9210672,0,-0.502895,-0.465653,-0.7281923
-10,0,5.5,0,1,0,0,0,-1
-7.464295,0,4.823143,0,-0.9233086,0,-0.4896008,-0.4671147,-0.7362708
-10,0,5.5,0,1,0,0,0,-1
-7.456462,0,4.86266,0,-0.9257443,0,-0.4757722,-0.467829,-0.7448336
-10,0,5.5,0,1,0,0,0,-1
-7.450348,0,4.906796,0,-0.9284888,0,-0.4613664,-0.4675017,-0.7540447
-10,0,5.5,0,1,0,0,0,-1
-7.446073,0,4.949539,0,-0.9311743,0,-0.4473881,-0.4665446,-0.7630074
-10,0,5.5,0,1,0,0,0,-1
-7.443469,0,4.998926,0,-0.9344804,0,-0.4317483,-0.4634385,-0.7738335
-10,0,5.5,0,1,0,0,0,-1
-7.441986,0,5.050335,0,-0.9378905,0,-0.4149686,-0.4597131,-0.7851529
-10,0,5.5,0,1,0,0,0,-1
-7.441799,0,5.10435,0,-0.9414954,0,-0.3968453,-0.4548913,-0.7972378
-10,0,5.5,0,1,0,0,0,-1
-7.442189,0,5.164238,0,-0.9455085,0,-0.3760493,-0.4484183,-0.8108686
-10,0,5.5,0,1,0,0,0,-1
-7.443342,0,5.221344,0,-0.9491313,0,-0.3553447,-0.4424818,-0.8233714
-10,0,5.5,0,1,0,0,0,-1
-7.444155,0,5.284171,0,-0.9526824,0,-0.3320383,-0.4371527,-0.8358518
-10,0,5.5,0,1,0,0,0,-1
-7.446549,0,5.346845,0,-0.955731,0,-0.3090062,-0.4335113,-0.8465123
-10,0,5.5,0,1,0,0,0,-1
-7.44883,0,5.410584,0,-0.9583692,0,-0.285271,-0.4313982,-0.8558714
-10,0,5.5,0,1,0,0,0,-1
-7.452547,0,5.471567,0,-0.9607707,0,-0.261975,-0.4290733,-0.864445
-10,0,5.5,0,1,0,0,0,-1
-7.456318,0,5.530464,0,-0.9628615,0,-0.2388446,-0.4271614,-0.8720588
-10,0,5.5,0,1,0,0,0,-1
-7.461298,0,5.589535,0,-0.9646927,0,-0.2155287,-0.4258181,-0.8787643
-10,0,5.5,0,1,0,0,0,-1
-7.46799,0,5.648637,0,-0.9663506,0,-0.1920257,-0.4244984,-0.8848319
-10,0,5.5,0,1,0,0,0,-1
-7.475991,0,5.709185,0,-0.9678447,0,-0.1679666,-0.423405,-0.8902334
-10,0,5.5,0,1,0,0,0,-1
-7.486178,0,5.771715,0,-0.9690507,0,-0.1434479,-0.4233008,-0.8945607
-10,0,5.5,0,1,0,0,0,-1
-7.496792,0,5.831933,0,-0.9700045,0,-0.1198041,-0.4235923,-0.8978958
-10,0,5.5,0,1,0,0,0,-1
-7.509389,0,5.889497,0,-0.9708764,0,-0.0969395,-0.4231543,-0.9008571
-10,0,5.5,0,1,0,0,0,-1
-7.522732,0,5.942375,0,-0.9716094,0,-0.07576245,-0.4224482,-0.9032152
-10,0,5.5,0,1,0,0,0,-1
-7.536043,0,5.989465,0,-0.9722826,0,-0.0559367,-0.4207014,-0.9054731
-10,0,5.5,0,1,0,0,0,-1
-7.550042,0,6.033463,0,-0.9729477,0,-0.03692814,-0.4181337,-0.9076346
-10,0,5.5,0,1,0,0,0,-1
-7.564726,0,6.070698,0,-0.9736142,0,-0.02014109,-0.4145613,-0.9097986
-10,0,5.5,0,1,0,0,0,-1
-7.595351,0,6.141653,0,-0.9747629,0,0.01243009,-0.4070867,-0.9133051
-10,0,5.5,0,1,0,0,0,-1
-7.610403,0,6.169824,0,-0.9753441,0,0.02604291,-0.4026484,-0.9149843
-10,0,5.5,0,1,0,0,0,-1
-7.625926,0,6.195561,0,-0.9758763,0,0.03890303,-0.3980948,-0.9165191
-10,0,5.5,0,1,0,0,0,-1
-7.641681,0,6.221032,0,-0.9763035,0,0.05154528,-0.3940383,-0.9176476
-10,0,5.5,0,1,0,0,0,-1
-7.668297,0,6.260416,0,-0.9769819,0,0.07234314,-0.3868281,-0.9193099
-10,0,5.5,0,1,0,0,0,-1
-7.680161,0,6.27494,0,-0.9772463,0,0.08027907,-0.3840531,-0.9198144
-10,0,5.5,0,1,0,0,0,-1
-7.692766,0,6.288765,0,-0.9774898,0,0.08794407,-0.3812983,-0.9202594
-10,0,5.5,0,1,0,0,0,-1
-7.702846,0,6.296599,0,-0.9777478,0,0.09293845,-0.3790131,-0.9207125
-10,0,5.5,0,1,0,0,0,-1
-7.714648,0,6.304381,0,-0.9780062,0,0.09775149,-0.3767552,-0.9211407
-10,0,5.5,0,1,0,0,0,-1
-7.725365,0,6.30963,0,-0.9783173,0,0.1019922,-0.3739796,-0.9218119
-10,0,5.5,0,1,0,0,0,-1
-7.733478,0,6.312861,0,-0.9785793,0,0.1054295,-0.3716285,-0.9223757
-10,0,5.5,0,1,0,0,0,-1
-7.741508,0,6.315876,0,-0.9787352,0,0.1082849,-0.3703485,-0.9225597
-10,0,5.5,0,1,0,0,0,-1
-7.747678,0,6.317603,0,-0.9788501,0,0.1108103,-0.3693397,-0.9226643
-10,0,5.5,0,1,0,0,0,-1
-7.752578,0,6.317452,0,-0.9789416,0,0.1127917,-0.3684301,-0.9227878
-10,0,5.5,0,1,0,0,0,-1
-7.755087,0,6.312971,0,-0.9791282,0,0.1134892,-0.3668976,-0.9233129
-10,0,5.5,0,1,0,0,0,-1
-7.758033,0,6.30747,0,-0.9793412,0,0.1137943,-0.3652278,-0.923937
-10,0,5.5,0,1,0,0,0,-1
-7.76023,0,6.300615,0,-0.9795486,0,0.1133184,-0.3639531,-0.9244984
-10,0,5.5,0,1,0,0,0,-1
-7.762254,0,6.293167,0,-0.9797927,0,0.1129296,-0.3622228,-0.9252254
-10,0,5.5,0,1,0,0,0,-1
-7.764348,0,6.285909,0,-0.9799882,0,0.1123118,-0.3610761,-0.9257485
-10,0,5.5,0,1,0,0,0,-1
-7.765706,0,6.277443,0,-0.9801812,0,0.1110987,-0.3601331,-0.9262621
-10,0,5.5,0,1,0,0,0,-1
-7.766588,0,6.267158,0,-0.9803743,0,0.1091384,-0.3593525,-0.926798
-10,0,5.5,0,1,0,0,0,-1
-7.764838,0,6.253954,0,-0.9806111,0,0.1064119,-0.358181,-0.9275683
-10,0,5.5,0,1,0,0,0,-1
-7.763497,0,6.24166,0,-0.9807924,0,0.1037504,-0.3575248,-0.9281228
-10,0,5.5,0,1,0,0,0,-1
-7.76109,0,6.228571,0,-0.9809235,0,0.1006414,-0.3574255,-0.9285033
-10,0,5.5,0,1,0,0,0,-1
-7.757531,0,6.213484,0,-0.9810537,0,0.0968687,-0.357344,-0.9289358
-10,0,5.5,0,1,0,0,0,-1
-7.753492,0,6.197803,0,-0.981164,0,0.09281387,-0.3574986,-0.9292902
-10,0,5.5,0,1,0,0,0,-1
-7.749375,0,6.182405,0,-0.9812564,0,0.08876041,-0.3578192,-0.9295629
-10,0,5.5,0,1,0,0,0,-1
-7.7459,0,6.166943,0,-0.9813453,0,0.08457282,-0.3582109,-0.9298025
-10,0,5.5,0,1,0,0,0,-1
-7.740785,0,6.149467,0,-0.9814678,0,0.08002796,-0.3581713,-0.9302198
-10,0,5.5,0,1,0,0,0,-1
-7.735819,0,6.130552,0,-0.9816584,0,0.07527801,-0.3574141,-0.9309072
-10,0,5.5,0,1,0,0,0,-1
-7.729359,0,6.110057,0,-0.9818559,0,0.07021356,-0.3564686,-0.9316657
-10,0,5.5,0,1,0,0,0,-1
-7.722654,0,6.088539,0,-0.9820507,0,0.06476656,-0.3555361,-0.9324158
-10,0,5.5,0,1,0,0,0,-1
-7.7159,0,6.066419,0,-0.9822146,0,0.05892546,-0.3549385,-0.933031
-10,0,5.5,0,1,0,0,0,-1
-7.708906,0,6.04502,0,-0.9822697,0,0.05289132,-0.3553998,-0.9332169
-10,0,5.5,0,1,0,0,0,-1
-7.701077,0,6.021737,0,-0.9822781,0,0.04603891,-0.3563139,-0.9332315
-10,0,5.5,0,1,0,0,0,-1
-7.6929,0,5.997406,0,-0.9823885,0,0.03964133,-0.3558885,-0.9336874
-10,0,5.5,0,1,0,0,0,-1
-7.684537,0,5.97265,0,-0.9826817,0,0.03486323,-0.3530172,-0.9349671
-10,0,5.5,0,1,0,0,0,-1
-7.676967,0,5.949364,0,-0.982793,0,0.02928364,-0.3522723,-0.9354395
-10,0,5.5,0,1,0,0,0,-1
-7.670184,0,5.927732,0,-0.9828119,0,0.02394302,-0.3524565,-0.935522
-10,0,5.5,0,1,0,0,0,-1
-7.663916,0,5.905709,0,-0.9829502,0,0.01919628,-0.3512879,-0.9360707
-10,0,5.5,0,1,0,0,0,-1
-7.657297,0,5.881591,0,-0.9831803,0,0.01427675,-0.3490035,-0.9370127
-10,0,5.5,0,1,0,0,0,-1
-7.65165,0,5.858095,0,-0.9833702,0,0.008961438,-0.3472861,-0.9377165
-10,0,5.5,0,1,0,0,0,-1
-7.646265,0,5.835679,0,-0.9834579,0,0.003459473,-0.3466451,-0.93799
-10,0,5.5,0,1,0,0,0,-1
-7.641341,0,5.813822,0,-0.9834442,0,-0.002436159,-0.3470414,-0.9378467
-10,0,5.5,0,1,0,0,0,-1
-7.636817,0,5.79278,0,-0.9834836,0,-0.007760959,-0.3468293,-0.9378963
-10,0,5.5,0,1,0,0,0,-1
-7.632327,0,5.773056,0,-0.9834845,0,-0.01262125,-0.3468836,-0.9378234
-10,0,5.5,0,1,0,0,0,-1
-7.628219,0,5.75445,0,-0.983502,0,-0.01695598,-0.3467328,-0.9378108
-10,0,5.5,0,1,0,0,0,-1
-7.624064,0,5.736833,0,-0.9835026,0,-0.02067938,-0.3466055,-0.937783
-10,0,5.5,0,1,0,0,0,-1
-7.619103,0,5.717199,0,-0.9835168,0,-0.02504991,-0.3462024,-0.9378254
-10,0,5.5,0,1,0,0,0,-1
-7.613588,0,5.696709,0,-0.9835432,0,-0.02952465,-0.3455164,-0.9379483
-10,0,5.5,0,1,0,0,0,-1
-7.607467,0,5.676988,0,-0.9835225,0,-0.0336617,-0.3451832,-0.9379315
-10,0,5.5,0,1,0,0,0,-1
-7.600383,0,5.655755,0,-0.9835002,0,-0.03805608,-0.3445978,-0.9379787
-10,0,5.5,0,1,0,0,0,-1
-7.592715,0,5.634463,0,-0.9835262,0,-0.04195689,-0.3433359,-0.9382751
-10,0,5.5,0,1,0,0,0,-1
-7.585996,0,5.61396,0,-0.983525,0,-0.04596295,-0.3424177,-0.9384229
-10,0,5.5,0,1,0,0,0,-1
-7.580127,0,5.594269,0,-0.9835134,0,-0.05004763,-0.3416675,-0.9384875
-10,0,5.5,0,1,0,0,0,-1
-7.57505,0,5.57478,0,-0.9835178,0,-0.05427051,-0.3408288,-0.9385576
-10,0,5.5,0,1,0,0,0,-1
-7.570891,0,5.555052,0,-0.9835439,0,-0.05884383,-0.3398033,-0.938654
-10,0,5.5,0,1,0,0,0,-1
-7.567075,0,5.535692,0,-0.9835761,0,-0.06344546,-0.3387184,-0.9387463
-10,0,5.5,0,1,0,0,0,-1
-7.564323,0,5.516224,0,-0.983606,0,-0.06847173,-0.3376665,-0.9387721
-10,0,5.5,0,1,0,0,0,-1
-7.561833,0,5.495706,0,-0.9836707,0,-0.07388802,-0.3361348,-0.9389111
-10,0,5.5,0,1,0,0,0,-1
-7.559396,0,5.475854,0,-0.9837492,0,-0.07907466,-0.3344286,-0.9390979
-10,0,5.5,0,1,0,0,0,-1
-7.557847,0,5.455549,0,-0.9838243,0,-0.08465506,-0.3326548,-0.9392415
-10,0,5.5,0,1,0,0,0,-1
-7.557055,0,5.43681,0,-0.9839093,0,-0.08980186,-0.3308196,-0.9394117
-10,0,5.5,0,1,0,0,0,-1
-7.555543,0,5.41922,0,-0.9839258,0,-0.09454992,-0.3296179,-0.9393682
-10,0,5.5,0,1,0,0,0,-1
-7.553696,0,5.402243,0,-0.9839307,0,-0.09900951,-0.3284199,-0.9393284
-10,0,5.5,0,1,0,0,0,-1
-7.551522,0,5.384525,0,-0.9839212,0,-0.1037555,-0.3272037,-0.9392404
-10,0,5.5,0,1,0,0,0,-1
-7.549453,0,5.366484,0,-0.9839156,0,-0.1086769,-0.3257874,-0.9391763
-10,0,5.5,0,1,0,0,0,-1
-7.54698,0,5.347549,0,-0.9838933,0,-0.1140104,-0.3243179,-0.9390523
-10,0,5.5,0,1,0,0,0,-1
-7.545261,0,5.32